distance_to_player,in_view_frustum,occlusion_factor,light_intensity
77.39560485559633,0,0.7207283866671284,0.3475549782700149
43.88784397520523,1,0.7112377614746703,0.1028072430893957
85.85979199113825,1,0.2026950310833242,0.30206846611307825
69.73680290593639,0,0.036655395168237126,0.8067063522998084
9.417734788764953,0,0.30379952180706926,0.49347953301914227
97.5622351636756,1,0.1571363048589508,0.17157277554994133
76.1139701990353,1,0.39578847921569404,0.31263237257993803
78.60643052769538,1,0.9793461191526043,0.9535812796736063
12.811363267554587,1,0.18107137090522096,0.43195748809862644
45.038593789556714,1,0.31887394342296893,0.4415992548060931
37.07980242325812,0,0.7251143163195723,0.15306960204421327
92.67649888486018,1,0.5091827828619216,0.3045543046142848
64.38651200806646,0,0.043928143573384926,0.8146861329400464
82.276161327083,1,0.16169001816132167,0.7861989744032633
44.34141988273311,0,0.9352495547731959,0.4354987989430482
22.723872178477688,0,0.10316499273902846,0.8936522621571245
55.45847870158348,1,0.6350927872097057,0.38025891706282233
6.381725610417533,1,0.7923256488409115,0.864329579821934
82.7631171992582,1,0.2654390627249239,0.03156555058470267
63.166439912206485,1,0.7250780031386901,0.34723029022971075
75.80877400853738,1,0.16989517903018025,0.8550684780198353
35.45259681298683,1,0.28475027483379034,0.9013095614743282
97.06980243949033,1,0.31182203088420746,0.7564240412203824
89.31211213221977,1,0.9964349905642236,0.6698658168957007
77.83834970737618,1,0.2145722952179573,0.8155049094622993
19.463870785196757,1,0.129207464633585,0.7075581882221293
46.67210037270342,1,0.9256914374814104,0.25422095446517834
4.380376578722878,1,0.16193069382035274,0.466236900694864
15.428949206754783,1,0.8792799196294053,0.6607049978861596
68.30489532424546,0,0.65045662764669,0.5878027571183043
74.47621559078172,0,0.5768614980705188,0.8850976071230604
96.750973243421,1,0.7513387115465768,0.47384464038782836
32.58253581381519,0,0.7259989571480501,0.1779873780232063
37.045970603486886,1,0.11052618941831371,0.21458203741288162
46.95558112758079,1,0.9994661104066891,0.8460565588592908
18.94713590842857,0,0.9418897264487286,0.008720954223112032
12.992150533547164,1,0.8965919628619162,0.8691303619968337
47.57049262259338,0,0.6222891339424068,0.05558808560398476
22.69093490508841,1,0.5227913313323141,0.3916584680894054
66.98139946825104,1,0.5362785838816683,0.800176227445629
43.715191887233075,0,0.01493694422823244,0.407615376822399
83.26781960578374,0,0.49946950194544293,0.8223481870540525
70.0265102002249,1,0.6237695676599199,0.10029883452578314
31.236664138204105,1,0.6587062087749485,0.5115422264351864
83.2259801395201,0,0.332139465051313,0.5824740179990092
80.47643574968019,1,0.4712823502935495,0.8908685972372411
38.74783790301745,0,0.6363106066625744,0.09362140633919336
28.83281039302441,1,0.4283055102751817,0.3386006852829976
68.24955039749754,0,0.9621351989835252,0.6593480948968385
13.97524836093098,1,0.7054421098520003,0.9799300818600778
19.990820247510833,0,0.001273746250890495,0.8482743239578568
0.7362269751005512,1,0.023279481482253006,0.8464950616958895
78.69243775021384,1,0.6903002034683744,0.5171825294247882
66.48508565920321,0,0.4126450975455027,0.5642991220864982
70.51653786263351,1,0.8394709492122663,0.8585800940806521
78.07290310219679,0,0.17301540948626204,0.8696255862567596
45.891577553834,1,0.013826914052291861,0.8022745654721117
56.87411959528937,1,0.3880823501137123,0.8185712751845756
13.979699812765745,1,0.736064104307449,0.8796298590008821
11.453007353597345,0,0.9717277333775686,0.1137819310919298
66.84029617904716,0,0.8836538793510554,0.2926393769049709
47.10962061431325,0,0.48407461193713885,0.9761135339536076
56.52361064811888,1,0.8128172831963666,0.5447761599639952
76.49988574160255,0,0.07033045786761405,0.176463860041692
63.47183200005908,1,0.5722723475848833,0.5030556331995272
55.35794006579958,1,0.9242984130144701,0.6457841753035913
55.92071607454135,1,0.39638514749073994,0.8282219839376573
30.39500980626122,1,0.9601006296631156,0.8121767260234679
3.0817834567939406,0,0.2206850967291053,0.049241493332416675
43.671738923236234,1,0.10563380953339352,0.4535249869724083
21.45846728195292,0,0.5247623360817011,0.020569056187008106
40.852864372463614,1,0.9072468719812243,0.8881561236662507
85.34030732681661,1,0.3112792187447442,0.17390607551862491
23.393948586534073,1,0.8001603193989524,0.6248746951676385
5.830274168906602,1,0.16919726588028094,0.5706183712804003
28.138389202199654,0,0.7455703960009396,0.6255294346428657
29.35937577666836,1,0.557026941387431,0.563416622831408
66.1916514726895,0,0.17501697539437222,0.7155886773666076
55.70321523412783,1,0.7180872494376086,0.6261099660231666
78.38982091064135,1,0.7137561134564273,0.09030024677081427
66.43135403273875,0,0.5154352291434403,0.3667679510074402
40.63868614400705,1,0.22546763764267463,0.5465934359346518
81.40203846660347,1,0.13229389224499655,0.32519742589817713
16.697291990770392,0,0.9572550484597893,0.7603308848068839
2.2712073133860478,1,0.6558125382591552,0.31789771505499187
9.004786077564175,1,0.809241483573384,0.8286841743030395
72.23593505964503,1,0.6969705290502416,0.14673372098148374
46.18772302513874,1,0.8294736651922889,0.7693925649858748
16.127177903360177,1,0.16249081974892343,0.1834654407851889
50.10447751033635,0,0.4969502245470444,0.5280152804121624
15.231210271316842,1,0.6671247705022934,0.32052437296392267
69.6320375077736,1,0.10338989989521796,0.6373344359770395
44.61562755740307,1,0.1499569493284083,0.21274040984159737
38.10212260964825,1,0.6339825942509465,0.7954097333518926
30.151208914787652,1,0.86870580425382,0.5735838663664402
63.028259311888846,1,0.6604161789415977,0.9572731540926742
36.18126105533904,1,0.036204813456075624,0.7117703289157948
8.7649919316101,1,0.970432917090323,0.607395539503251
11.800590212051532,1,0.13950690090624507,0.8291586904463413
96.18976645495145,1,0.23256223355248973,0.21968256776177664
90.8580690707607,1,0.9749672819047243,0.6327424608644573
69.97071338107496,0,0.7710329966533749,0.39040384959485164
26.586996145951957,0,0.9365766803785066,0.7437909791464383
96.91763773477238,1,0.8066196928080297,0.02446940949126586
77.87509039657947,1,0.6517344750032,0.4277120965269141
71.68901891589957,1,0.284552998863006,0.6517019018329192
44.93615021437887,0,0.3268814416995254,0.46063933644216026
27.224156184515902,0,0.9472710730443697,0.23797159571375093
9.63909621534993,1,0.8606256161556446,0.46434925167943586
90.26023965438416,1,0.35949044844232647,0.8497445254895262
45.57762898336111,0,0.3732674176207038,0.20683901729813214
20.236336479523032,1,0.29769439027588473,0.3671721636296432
30.59566241506525,1,0.32613014262500395,0.9903355215001276
57.9219568941896,1,0.8606674662887857,0.9128171688904493
17.67727829392317,0,0.010506856589846847,0.03396834212665567
85.66142840923754,1,0.4360526211095247,0.5303319676020144
75.85195298352102,1,0.9428396785279078,0.06541302684788353
71.94629559509367,1,0.5426363551828088,0.9239049236577108
43.20930397751037,0,0.4504457901439035,0.4415449126850308
62.73088407024432,1,0.3123698046995881,0.41843700392800165
58.40979689127356,1,0.07391262986190383,0.27294603183931065
64.984660155482,1,0.22448647802751287,0.5688189803921538
8.44443211398891,1,0.09045840993687126,0.14499872299339278
41.58074021706096,1,0.12669942971542825,0.7989550005355471
4.161417386189248,1,0.1635165441262698,0.49121034484658366
49.39908192445189,0,0.30202943208427846,0.5664628913141605
32.98612123327853,1,0.011016679995535461,0.8408047476545205
14.45241888660469,0,0.9501438855932477,0.185148773884949
10.340296772255165,1,0.12381909267697455,0.1751830733421157
58.7644572177712,1,0.38314887235958706,0.42080167286984616
17.05929685368861,0,0.8795275597147806,0.7861282411946006
92.51201183767972,0,0.10656797019076225,0.05854555352014612
58.106113970039495,0,0.4836042517541208,0.7951702038987456
34.686980453483706,1,0.8447835975413958,0.5007565935918098
59.091549148141674,1,0.5569626240341401,0.5617634499482246
2.28038710296975,1,0.21034359542276004,0.5643859382791732
95.85592132414453,0,0.7355095314125814,0.05616738895772022
48.23034369429002,0,0.6813410628675078,0.2497707977181448
78.27352272502863,0,0.3621859065469243,0.7552974515146977
8.272999992243857,1,0.046295161581375144,0.41226811948928366
48.66583308381603,1,0.007864689896093902,0.5605169822518542
49.07069943545209,1,0.8253928831271716,0.9448686220265471
93.78264549749828,1,0.32155736155906856,0.04627176831736124
57.17280523760754,1,0.1377698986059046,0.44968036567381975
47.348940105695384,1,0.5185512261629821,0.3612741328478981
26.69756630918936,1,0.9208332957250901,0.10644942619474118
33.15689973425522,1,0.008480864522397713,0.950794348759798
52.06724024715378,1,0.05614354067641447,0.9614595897485434
43.89114603050467,1,0.41704493258507236,0.3114881541894069
2.1612079880330426,0,0.6759659067550634,0.9467166106890788
82.62919241943578,1,0.4761004587670502,0.0351736067242856
89.61607718397667,0,0.8975484384654047,0.980895990336202
14.024908899861078,1,0.04408455553747814,0.8359320164086644
55.40361435390494,0,0.34014086964374357,0.2143302208112139
10.857574113544356,0,0.35134788938872075,0.5995471539345885
67.22400930398116,0,0.3401272259863417,0.7982993623693029
28.123378383900832,1,0.48768591212339063,0.319298964007779
65.94226346919018,1,0.7905770451946105,0.3537517920928296
72.69946142868827,1,0.31788261640281734,0.6289727755929266
76.8647491917657,1,0.7444832066322026,0.14709405093343786
10.774094595589656,1,0.1464654712790714,0.1182106097224086
91.60118451376078,1,0.5607248556339502,0.24980527811942432
23.02139908948808,0,0.3750880256655451,0.7412597453470313
3.741255617617978,1,0.5392108022955706,0.3665992264115566
55.48524693914834,1,0.10774975037224943,0.5073582216517943
37.092228386243875,1,0.9534628467609085,0.19545055680753265
82.97897431324131,1,0.9062141168017779,0.1941056673495719
80.82514720643019,1,0.8263963042906289,0.65045125923481
31.713889282271534,0,0.8927828233880518,0.10837525186845376
95.28993950697449,1,0.1466878701814861,0.6678407272164062
29.091783814011862,1,0.5037217730196659,0.4007018523489062
51.50571292317145,1,0.31790915875652337,0.6712709136176256
25.596509056760276,1,0.8873859413041586,0.38172947701548865
93.60435700489633,0,0.18943768249946646,0.8460521836494983
16.460781758201815,0,0.21994535514197233,0.055556169215654205
4.491061939232899,0,0.6867144563550108,0.8932973118121769
43.509706000303794,0,0.08889965908766817,0.26866117723809524
99.2375564055837,0,0.7323671769166398,0.04254220996548164
89.1677266254914,1,0.26812728831412236,0.5624044218821825
74.86080194569492,1,0.6609353652671474,0.22435423038109636
89.07924908785249,1,0.8730377863606604,0.4592031231841197
89.34466396978632,1,0.6096113732349906,0.8023142060621036
51.885836038644904,0,0.212683733286109,0.7915467607481518
31.5929051830793,1,0.049165525539216604,0.6003856162834147
77.2012432110988,0,0.04461397169506587,0.9778719086576473
66.16612631677611,1,0.08881188201400791,0.4637510952459968
37.36577288737101,0,0.5798179124697159,0.03938839035481334
9.446666806151526,1,0.3482178540406512,0.8194251498104737
74.6789611349026,1,0.24310697739589815,0.22129387005686074
26.246051592286467,1,0.21930655779719122,0.1762388089970245
93.68131505337793,1,0.948581531903099,0.07000992196649158
24.097057500568475,1,0.1188165758920744,0.32789994363863884
12.275793241148602,0,0.3048144107726547,0.3261589670541879
83.11126721249062,1,0.47147726201919316,0.30277153196645235
15.328431662449404,1,0.000449526074255413,0.5931929397686775
17.926830815773908,1,0.9209531874757245,0.7515421693281058
59.93827915208435,1,0.09909859076010386,0.9377667186473392
87.45620408374644,1,0.6824706006861725,0.09405007868014759
19.643466571457324,1,0.6288654771624883,0.15038183248814696
31.03236729000948,1,0.8090638551047372,0.5898425105245673
77.74048382411776,0,0.6513877305621525,0.09813559387726034
97.18264260609673,0,0.7693874172159795,0.3707642846192629
50.07411862023423,0,0.42124860878852755,0.6245522305460369
14.389750255125078,1,0.48870449455162324,0.7805450320388616
1.3936287708201545,0,0.7016621021644194,0.2175992874580316
22.965602999885526,0,0.5684267210550511,0.6679855640970118
13.182221778652103,0,0.5115385502667199,0.6458696658472133
67.76586736128574,1,0.20555840605454934,0.8596161262583144
12.183250462853113,0,0.2581082608063754,0.3137474957639904
50.6329931620633,0,0.3584972410593935,0.7500918648881766
69.42624356428865,1,0.009284385423503183,0.7519998644414946
58.11166092209024,0,0.41736344958023697,0.23919454199125745
19.97756516600576,1,0.0027684757639128144,0.6211578377584276
80.41245261822627,1,0.5650154359213367,0.6751620876684642
71.54071296158017,1,0.7040287689723489,0.2744284126222738
73.89840039155418,1,0.5621486316151264,0.4517999953646392
13.105775155731326,1,0.6935199732048759,0.435777727256493
12.375380365034461,0,1.3168556207476811e-05,0.7735095683710361
92.75625510065076,0,0.05944197328430956,0.000691255913743638
39.75781938249406,0,0.6984624408755553,0.5010266114566932
30.094869178093976,0,0.8029001479567706,0.1843408135638115
48.85840453515333,1,0.7177015708893945,0.6468419680554339
66.28642127635824,0,0.6630122425535516,0.6803688629709497
95.56232570469699,0,0.70738266381156,0.5011265086935832
28.6446226882055,1,0.7395899257961658,0.5420295417844102
92.48084293120272,1,0.7243774983675693,0.3150581890551687
2.4859491386256316,0,0.7380084776883398,0.3133226793003714
55.51980423268247,0,0.07401970741518082,0.7451170598503605
63.39751116810851,0,0.06327155149462471,0.13173136742631975
10.58974037507533,0,0.36111994322943897,0.771503314693293
14.033959706391263,1,0.5275967145487956,0.6550131816019255
41.91143193163038,1,0.7626190539217277,0.8844746846554981
96.62319121431817,1,0.3347078187910125,0.2601446921997975
59.604255323437286,1,0.2751170766336348,0.506179051816204
93.30232216002112,1,0.7814483081185295,0.03898951152923191
80.43609156129708,1,0.24933685145399498,0.9125065750547853
46.73816015552915,0,0.8208413768144633,0.6753914606791583
78.47634492521874,0,0.17713354972003859,0.6228752490714417
1.7836783976987736,1,0.3594735228724768,0.7326892009866032
10.914399676573494,1,0.4010756094263903,0.2843288567593645
82.94286148827364,0,0.29951044730764287,0.6038602687522343
79.68170883251618,0,0.003356913887012647,0.8009219104052452
23.26407419664337,1,0.23550925782124787,0.09029444470406423
53.07695905990535,0,0.3376535588788737,0.9588168892902992
60.60158207000109,1,0.31362489452666276,0.8918868025013179
86.77389537760112,1,0.7855554964772071,0.9630188339062141
60.31071573387257,1,0.04736776253647301,0.8083485090316044
41.25715692736803,0,0.3889486996552407,0.2943110924393203
37.41840434071827,0,0.03751545557944125,0.5815554676346544
42.58820863735099,1,0.9306475661290093,0.12016242223839868
65.19310255799742,1,0.7902094370310964,0.7541667316660561
86.7490631752325,0,0.9821615992380135,0.15363966599281376
45.38968820762997,0,0.9101605316960185,0.866823934924232
24.783956295135813,1,0.3158127721160844,0.24055695251281128
23.666236299758115,1,0.6915834123305803,0.16041190728292753
74.60142802434464,1,0.3065540874784084,0.07090436369097253
81.65687634239104,1,0.888211187929624,0.7113651280508115
10.527807985412496,1,0.4107528699673414,0.18620377690502332
6.655885695517815,1,0.3758875419042321,0.1976678120617199
59.443366375645176,0,0.9140687442333334,0.1696966038627783
14.617324419269828,1,0.8367402876198543,0.3057951224684943
82.46641904563413,1,0.9664135533643016,0.9412114341283937
31.033467392407445,0,0.06648808557444685,0.4866216779243221
14.387193297114266,1,0.2433388780388599,0.26087793930576675
92.09704724874503,1,0.30085774786704567,0.17039075970445883
16.553172273527817,0,0.4243520609547621,0.018901419705438016
28.472008233793556,1,0.473130045948536,0.36499264706834744
15.361339519205863,1,0.291472428066738,0.11006147422608215
11.549006366535497,1,0.7904504231450284,0.02701199566916257
2.1148016336440034,1,0.22324414448505647,0.10297970593583294
5.539540916426011,1,0.696517313299113,0.31852151639240633
17.464147093585268,1,0.8517683155920974,0.7508637014382885
5.338193262717539,1,0.6036982391595863,0.0669862511685263
59.11438161109712,1,0.35415892589282083,0.6786739237565822
68.07145267995064,1,0.18789124219665132,0.6205425288012464
39.36304568320283,1,0.134346194403696,0.8819902054667879
31.79910969520494,1,0.7441747391490616,0.18398700847205907
50.45262370222301,1,0.469131997583516,0.7942677056789741
87.50049422346086,0,0.046319551167367634,0.8648652170480753
85.1131626822206,1,0.9838395069426202,0.9764841316517369
4.347506201279194,1,0.67130318298899,0.8085493580191582
18.14984095965241,1,0.8441825514269772,0.1237682008191836
23.6744871104396,1,0.43818867131701145,0.9471290101634308
24.938757583221182,1,0.9554386208080249,0.8149920528037838
57.12326517427727,0,0.19952502092412727,0.21232518445467696
41.62624257031923,0,0.1851361229388161,0.16519740054629517
4.925411992759399,1,0.8903347347703588,0.9364141504003813
37.36141384595716,1,0.8917170640057281,0.15569862610587848
52.37529487176372,1,0.4990194854990422,0.7771033854090867
10.167190290371597,1,0.12578635535397864,0.40525925426315823
83.34585537885597,1,0.3052164582032719,0.7238052654927587
5.196186646510426,1,0.7541523380344677,0.09185138016664873
92.48418690180621,1,0.8459919080013034,0.7250582877384693
9.91131415798755,1,0.3476547477448171,0.5119113773190804
84.35749515977527,1,0.061233681816867835,0.9003783853388477
90.26531439276171,1,0.6657266815727806,0.18839841724395645
97.95706805865927,1,0.7394970414382935,0.10935607797500146
80.20258802735935,0,0.42401467586369257,0.19622029848486577
77.94775407713288,0,0.5830976116178693,0.07857536724937997
64.24832759955477,0,0.9873714975240833,0.9801505408617438
77.8996354578129,1,0.2449985993596594,0.1228566259112791
13.455220841314707,1,0.5729776937992509,0.20085094559469385
53.60680359476373,1,0.6109604135626425,0.8096857472763892
51.42228701904145,1,0.5491071960244631,0.2467543957017866
85.75721441225575,0,0.8691295579437958,0.2222933401905378
46.27993655935158,1,0.6050075319221164,0.6723097804076843
38.508949610035344,1,0.50789002239129,0.3987652304398289
63.95632712371101,0,0.12301502666117314,0.8354791538003123
26.646331750084606,0,0.7032091992934255,0.6382693456625962
13.976841095395686,0,0.13210736149470037,0.2882147170844769
47.78772740237458,1,0.026569893364223662,0.5979232756196964
41.6889368594885,0,0.4885311630634622,0.8664616215478925
23.25699405288737,1,0.5724452721477323,0.3644829605524619
36.7511810115128,1,0.99905406137388,0.7364707215242334
36.63924498262474,1,0.7123267944552865,0.41583298037715377
32.74955644125455,1,0.8485903202275773,0.5430733977784997
37.946407972692896,0,0.3463880390307553,0.7337000277982368
68.57433454559454,1,0.5089146825799675,0.06052737130984387
29.68764745712853,1,0.9742689906618556,0.45494952234169117
94.88579267153405,1,0.41738855214277626,0.09521351599261951
91.63480195381779,0,0.8072904248023839,0.7250055444720932
48.09104283000786,1,0.5259891177444961,0.607806265185139
32.83612050046888,1,0.2239618515300641,0.3269296603892784
53.54347898300031,0,0.5804186372108828,0.07628151339283551
84.85604887736245,0,0.21806202837032151,0.9258024620299178
65.2587340560102,0,0.003026989875741126,0.315003720547662
80.43918279470775,1,0.23589601547334327,0.27537677739674027
53.27222760657402,1,0.19314383235509036,0.10100497091758365
63.291762926762075,1,0.37092117719943374,0.5773532090965804
28.815561418246173,1,0.8885969038092881,0.2656534553896135
73.48931623102908,1,0.3878530735986758,0.8428530822117779
20.240459312571836,1,0.8451876274909911,0.6827667836268154
69.47981288184982,0,0.5556130201315813,0.003914905809406677
86.0719068325894,0,0.007614704222566937,0.5656746116660285
13.210283730154393,1,0.18873671290321514,0.23183467681972914
61.43797405419198,1,0.9312780452080364,0.015367120027799941
9.50957482299346,1,0.6041734461977185,0.6193671629874459
72.57156282714269,1,0.9295468585722739,0.20491436020542675
8.449321882352024,1,0.31012002030345287,0.8996358099532292
93.5939822700626,0,0.7165623782827428,0.5733807409533367
13.740793003780215,1,0.7720251598972598,0.20918510972003623
95.88802459090803,0,0.9756996027362554,0.9791274396872415
80.08841760850967,1,0.0181764831689607,0.5464415666111155
59.36820044663541,1,0.9522372151232462,0.16547217212637522
78.26241046295469,0,0.3915902176041651,0.517242170169074
79.51148389830858,0,0.837992405744867,0.9593490582230992
94.60270628173303,1,0.5447129182210839,0.42421023084221876
25.338335383918718,1,0.5646495430333655,0.425345511894738
59.00758953583092,1,0.3593778881864501,0.46112672222479856
9.504919756440122,0,0.8284725903781975,0.2801035511544888
61.61657000241213,1,0.2640135708378334,0.16178361304365152
17.12913040927888,1,0.49224138617860647,0.5789277033684264
56.495061147244186,1,0.5601744987674754,0.8942001967175515
57.24305140338497,1,0.7425210934274884,0.7357297419014195
46.598515298122734,1,0.47163533704153704,0.0961874076375514
52.26317755131228,1,0.6802828988394938,0.400848976055428
76.3923390006588,1,0.4852940963479754,0.0052958799055020656
79.92447165120666,1,0.6593206369585947,0.3079403858870764
49.215321557542914,1,0.6741434762081482,0.6693765926140859
59.95934415226123,1,0.7094415605292438,0.2902342834910102
93.12362356901018,1,0.823299793860326,0.8405583190951664
11.97335885011228,0,0.5407225609599173,0.4773842135407116
11.71035659001105,0,0.19327816386989327,0.6691681628399424
8.770901191076842,1,0.6796408416190554,0.8838652232814834
65.78632850405278,1,0.07711808349216187,0.6828103086494227
41.860830079037946,1,0.21895502246118403,0.8973262042854727
77.43214161418433,1,0.7921575286647992,0.8080653559253039
67.12314133085926,1,0.43507014433006597,0.5670642453943905
33.36377583282382,1,0.49804416765121706,0.2972331000174744
89.83665473615358,1,0.9873969184835301,0.2981424046513561
76.25321470706523,0,0.23517248584891792,0.8753310898583561
27.053494091017573,1,0.019552749535934555,0.05388422973850182
36.4192017772054,0,0.11137260951784411,0.9414368480968239
31.44399802042629,1,0.2445018596608296,0.3270598001921776
15.761164862499966,1,0.7259200243964692,0.7388710598134054
14.778337254219165,1,0.775822031984762,0.33002975263744827
93.61274633757441,0,0.5654889540141138,0.9533013892331607
43.79040371987533,1,0.25504639869816137,0.03647403015672579
38.331982277740984,0,0.5217418945268236,0.35331887664031647
72.9685708677378,1,0.014957555933934219,0.8674610470272441
55.29930652528999,0,0.6818009427417963,0.2740565391369737
93.61399868384622,1,0.6142975554091679,0.2756194765932758
78.03014939093921,1,0.021796539381543578,0.8987518160686162
47.93695641245404,0,0.8170116336327956,0.8305822531725856
37.635947348082624,0,0.7634265351621218,0.10577119529638923
98.6631544924322,1,0.3082237455683131,0.5801799098693466
71.77602360036434,0,0.635376650632306,0.22339518833992555
95.11946600038411,0,0.6014929634649732,0.215138271764858
11.847857721704136,1,0.14318027922687027,0.6154039869035625
85.05336791907825,1,0.19325930111436584,0.12386616416501262
63.70738839912076,1,0.6832061362281295,0.469779001002976
12.192167833511258,1,0.9335516462700085,0.25582173426288
58.825799996922065,1,0.5762843206987531,0.8539224725773574
68.60963651054487,1,0.5678131455595449,0.554494232368132
1.2302685888602838,1,0.6466816947038385,0.21510883126161517
45.43179618417466,1,0.4405783001781288,0.9264656527218054
82.53995111963212,1,0.05417204350134375,0.8228965304067517
29.535902534408986,1,0.3965038467246972,0.26529223036591365
45.85480817985511,1,0.9002522101178897,0.9610509078041118
44.23141270678932,0,0.8049468003915485,0.2677389171420461
30.19273914424916,1,0.9274235685770654,0.2926431220469764
91.84418955155542,0,0.15283158513241057,0.3859633543047778
78.12940354315158,1,0.5059577570388295,0.16480522045456747
11.05884109961105,0,0.5847281548129437,0.6870161387127679
99.70346578375731,1,0.20992550999297444,0.5573373258277937
87.92000243077453,1,0.20097023926897006,0.8944624815519232
28.390843786403895,1,0.7820329326428023,0.2408752256465332
83.68965796609382,0,0.6718519170522066,0.17023088659919938
10.641953187138286,0,0.6471875368151602,0.3586233926795297
99.91047304742386,1,0.26698745798301493,0.1461086835080887
66.56847361065368,0,0.5067694242472068,0.9461510281666101
65.0125015558797,1,0.023069953489327832,0.7174466968694084
9.044072698413274,1,0.1299460526004279,0.7961916546491633
89.70333988966253,0,0.5182508627607912,0.7480436233720882
2.8999503204469423,1,0.3096722756319128,0.24281917477268689
24.082805804114706,1,0.9656697568965166,0.14065663802023654
14.302187516663501,0,0.47148472326701063,0.4294335830094489
77.67679406922186,1,0.08356415635685066,0.8290191217744813
19.820422721289788,0,0.01784234725531242,0.3305153286007685
91.06382271308853,1,0.7252578738476714,0.00956294222831433
65.62690393274902,1,0.1715067380503139,0.6600607021214705
3.6162710494696215,1,0.18781236900505904,0.2000630708531641
0.5429834128700461,1,0.42380722264067106,0.54283516239164
5.165791701439892,0,0.26406058915346464,0.014880050025618874
60.592517764772765,1,0.6165770797461895,0.5088498556215773
80.14818108594153,1,0.4856925072237638,0.39360848576720964
23.855282062738848,1,0.11145060147723007,0.8804119869827003
84.94088429230729,1,0.7847408479094484,0.72181379944403
5.7231940153260386,1,0.4258588544142481,0.03602815490289557
80.09638536416762,1,0.6108343195893006,0.7895223966388268
92.77954301722804,1,0.003942332532681725,0.7912274543756607
77.21083991043805,1,0.626400033436537,0.6634095483331148
69.81207839786371,1,0.28284985703093446,0.9292967359036619
83.7980218655383,1,0.4943707432099935,0.8032535276661361
4.015129954706643,1,0.29772060382128973,0.21889866460195428
20.178211071905537,0,0.9962607446422428,0.3815458850243225
12.492367930564308,1,0.23084231471162353,0.3499232224363732
50.453099019298655,0,0.9128596014892566,0.5049078164394036
74.51881283288445,1,0.9179666318299169,0.9537136201976354
63.001184457639866,0,0.4210006529343677,0.6155983684478118
85.1131099761935,0,0.30400311552335624,0.3129390594201288
15.521299244109088,1,0.38103554689879116,0.9415177383854386
73.46210919351616,1,0.989339087391798,0.7002714728296972
19.30414908689041,1,0.6187962273376061,0.2660805234820034
27.075875131780023,1,0.5447802378206386,0.9065127688022294
70.99046972813039,0,0.035917881339427304,0.34421289780276565
98.02047848986818,1,0.8478430303970257,0.5162112755844842
61.154360597706955,1,0.083805455807199,0.4792228456897505
5.45003149912956,1,0.046972367034381346,0.923630873299187
61.63089699275328,1,0.274858086117992,0.2656633594009844
4.23505515801671,0,0.4757886050575182,0.3333067468663127
88.41457113668172,1,0.8952889600044005,0.66016018333731
70.95782851006207,1,0.7900787990828386,0.8866157029136872
17.31278464225032,0,0.197632144505843,0.11488409066885352
9.172100582419807,1,0.37207952842727654,0.20988351890545454
18.353322888031897,1,0.7802402646188827,0.9480344824842295
98.00271795541924,0,0.5270924474690973,0.7772971044044306
45.856064245848984,1,0.17449194202407925,0.346069767487883
78.4080948341408,0,0.3960552026783334,0.3576348080796282
63.64083421077768,0,0.6259358045097069,0.46953387066633545
57.24131499586373,1,0.9732256748088347,0.6737994997526939
14.51302546650497,0,0.661812054856409,0.561041104651366
94.60244535580951,0,0.016195162231396942,0.7761199524984544
30.134263251471793,1,0.7050082766325282,0.0541667917801415
57.80172158075422,0,0.2508648074572305,0.8190407425151698
69.97759445890661,1,0.8621589142138149,0.058051351752465674
64.92331552453089,1,0.38388990822613855,0.8809739250217695
94.05944096955184,0,0.19961503775430023,0.04325443534749884
14.8438989920058,1,0.4679471865102345,0.12783243137880262
50.83527384469421,0,0.25519797431500546,0.18018437181704794
40.403439074076594,1,0.23582148849785056,0.2230507821396488
47.41687294826181,0,0.573261800773493,0.40176207259025354
11.921752619774463,1,0.7673462708508795,0.6554820068772782
13.409460987276534,0,0.8349543741598756,0.892603381907778
27.80755457812574,1,0.39766987047039104,0.5245028101364752
30.470460376083132,0,0.06680376359693929,0.5324897408472081
42.790321368135,0,0.48397499846555336,0.3193050979496842
61.09875470366283,1,0.4337814770283859,0.8006804243058488
63.462911741826304,1,0.1969789482530394,0.11048622811819742
41.18108965855703,1,0.8961449011441202,0.3011031806581871
40.87831094286971,0,0.9741482530206889,0.09698141373914315
21.762852669696198,0,0.051747188033081426,0.21418081882621387
58.830624840900825,1,0.7957463798574325,0.5865979115557839
31.70409113172379,1,0.6457165579415387,0.12596038798091225
3.60598342773637,1,0.261436258165908,0.10061779526352166
41.84000441568604,1,0.6351561182828129,0.8259108114395968
47.41326750901703,1,0.1286431916834745,0.11829912809413734
22.5592868204211,0,0.06940650829749728,0.6080533499121532
57.24579331221157,1,0.9934890750522605,0.3520111828941702
56.5771900431921,1,0.6363698584586601,0.8963671217762462
70.20021811103715,1,0.2532226245332335,0.7075500368082185
64.794848220121,1,0.45003395590376594,0.05943023151306037
65.24330565210316,0,0.9500881822978404,0.8954681105093145
31.621415182404313,1,0.4387250683868097,0.4138988945360358
78.74322219859539,1,0.9004445320023442,0.29822744898409836
54.914438359967946,0,0.8688091979784617,0.6727820215628657
43.14181951798901,1,0.3441563160908433,0.7179739212327281
62.60124809410571,1,0.6960090040771025,0.30325077687086066
36.06573344502543,0,0.6604985037825924,0.35165654599704543
51.27392446067582,0,0.7712118706198419,0.15633050950669047
73.67056884822203,0,0.36592916426748545,0.5934435648091743
88.64028867237077,1,0.05223649849813272,0.9569090533316218
92.10571972951917,0,0.171039241112511,0.41662446234339334
50.36329251830992,1,0.6165536876737592,0.9962061815944345
52.02751147405691,1,0.7751001868973535,0.17641460449583923
79.98704107638365,1,0.756048634535596,0.7960994590417848
31.445069174420127,0,0.5836815851150307,0.9281082536142568
83.73823623450686,1,0.08475814571489249,0.6880543526632508
49.41416465174234,1,0.017288627185812477,0.10932628931086574
11.585672433526838,1,0.7821417573220727,0.3265413538384552
7.20591470729437,0,0.5493764341898627,0.0856658131772916
84.19932110394632,1,0.7827121027315078,0.6017481209158007
5.55679169068779,1,0.16278846147938886,0.9981488091589312
28.06114361336559,1,0.40742317077114354,0.37475461323525905
33.41300405015458,0,0.9191692870779731,0.1629450425262613
17.29944451915938,1,0.17159799124716568,0.26864019466702516
31.389336980198923,0,0.06152690381254433,0.5708019692101889
74.26925667250856,0,0.6534673837817484,0.5689617868342696
1.4682843560070769,0,0.5945363406217563,0.22982083293630606
82.71734245206865,1,0.9520305058577333,0.750704740537825
85.65480235745582,1,0.9064684210548758,0.08801229149336043
37.226157319154815,0,0.749430390220571,0.6230402827640222
15.36128990606348,1,0.019157237878252187,0.42569894895038185
60.084040794508084,1,0.48038696840656014,0.12717501984324675
11.967255586489433,0,0.8961019365370388,0.6343847520956541
36.49193610782525,1,0.4336510881144773,0.6730494181949296
95.84291809009724,1,0.9621457196129947,0.4400202956311914
99.54644725836371,0,0.6524879806439825,0.7979928194654149
77.21048913545856,1,0.10945712754279413,0.5093165844104856
31.09615099207662,1,0.5092720751866835,0.28575445209854233
68.76650491660925,1,0.6956171356451476,0.9536012779381571
70.54063654840127,1,0.06536897223962068,0.9440440377498708
38.784169516364976,1,0.34464953207076743,0.09562139471834497
64.08886345861595,1,0.7170810630539863,0.9460812825483834
1.0727644975676243,1,0.1570713623070341,0.7754823807383165
20.905765860224147,1,0.3483398982705226,0.10664416255723463
52.50883029672612,0,0.6899103224672339,0.5193252718522146
16.37513042582959,1,0.7755409018641138,0.034951310077598996
16.590686787653365,1,0.5185117938254206,0.5888570705608768
83.6304290550238,0,0.9568575277000096,0.9331876418681869
98.91330026836054,1,0.9253308587989965,0.36820973748545804
55.596942802844836,1,0.4734370539077851,0.508625174051158
83.90697308817134,1,0.16027441011132237,0.22756032590267605
99.03216643262725,1,0.7729315638839585,0.5409462399288926
14.15958885687747,1,0.24313957539314401,0.802574668743364
44.824561325435106,0,0.842821309999105,0.21525827393722985
39.25727158419199,1,0.5871443411550983,0.5534867619645172
8.004928364618502,1,0.3940930063977466,0.3546432771179143
75.53301727947445,1,0.5563833585825442,0.7478720780737579
43.3779027322593,1,0.5328087684579272,0.702038661957203
46.93269341904013,0,0.9247328458999177,0.6987896561140851
15.067297381324018,0,0.21436304976156284,0.3778031337243949
18.09266522308681,1,0.9281584525516764,0.599279302970478
90.7103622156215,0,0.0313410414598555,0.6510851836864724
4.464908897427888,1,0.7692032815330766,0.6808139723697292
23.285228494370624,1,0.9196681307115652,0.5752563540375724
29.205933031452837,1,0.39405219098652955,0.866804746823225
49.01975424015864,1,0.07306718699526726,0.2487985792700026
58.644517301479596,1,0.8046675314937101,0.05580678936137651
49.32899758506666,0,0.8428648556917351,0.9625034538737999
8.411533455688202,1,0.3362573879884535,0.060733726623868556
24.366745405571354,1,0.5185932856859061,0.9029556557919547
84.35883847625412,0,0.8094690680101495,0.6122849369542235
63.7588700478459,0,0.19204297725011954,0.9187403853145995
64.91490501342744,1,0.62897575639127,0.564953930562639
67.0203255351355,0,0.43063065951581914,0.8210087254928071
76.29030190395291,1,0.17441575225426353,0.7212902632345336
5.810848172144734,0,0.8314402072509596,0.5251121336606707
36.66083849326124,0,0.3246808321999267,0.36332358995361924
53.952743526167865,1,0.9344261156550162,0.0028590206883423175
33.845648329732605,0,0.568933869819802,0.25090527456937695
84.44788732871865,0,0.5145099813847384,0.9517668084739433
48.25725085872939,1,0.4233059442193591,0.2754618478649913
76.86275894593791,1,0.4006708898563054,0.7518524426622003
85.20155168811691,1,0.8179662748371039,0.5084976145313359
50.479148290349805,0,0.677500849486126,0.3085143846547993
90.95522438713499,1,0.7736901311234224,0.9910934489623805
58.712394053698056,1,0.4210841596112086,0.046974377524794164
85.02742988337218,1,0.26143722470273545,0.5820771064740238
34.05907955915243,1,0.08686521852818196,0.4615182160097113
49.88169585314852,1,0.7766559899840447,0.07652640970206159
53.14110410045777,1,0.41527643051770413,0.21409620581535505
10.497971589607058,1,0.509223592096683,0.6942419736778913
39.855250670154064,1,0.46934323519704535,0.1083286297934335
91.7337672551676,1,0.4311378563692402,0.8010251105497124
63.08322403647424,1,0.6838995770678498,0.6250609939521135
17.750658243696748,1,0.6087341157586086,0.1008575948836069
33.8855635609605,0,0.9720537986443055,0.28681462876324737
19.160300966269983,1,0.13890390764923166,0.13717786234686447
2.482313179857254,1,0.5735193132327168,0.797601295557767
92.74604585040267,1,0.06324016340231398,0.532959625125667
44.820732825687145,1,0.8079184187081999,0.0028299367165864897
30.753507242078616,1,0.6163113332510931,0.5429036472281525
59.84771915577366,0,0.4283788159925379,0.482803684264951
0.7314456293015636,1,0.8022356546439461,0.6430764029925051
27.802210660081382,1,0.45500260849157825,0.034844055486996095
70.30334656988926,1,0.22778609531344718,0.03542579193304729
63.3769773069263,1,0.4725007611103369,0.34936810509535676
98.18059475425355,1,0.07083179663733918,0.6885380961614872
62.0357709658044,1,0.8978611096393875,0.6665580925886957
47.75058736277328,1,0.7309583747344611,0.2782635792102547
76.14325631840076,0,0.7603157862150277,0.2160675445628959
90.3327871964053,1,0.8744933040184423,0.6831255973810627
72.06959467183516,1,0.7915725888150836,0.027112736133802606
96.32112235493796,1,0.4318525902534398,0.5567833316944547
78.20051707381772,1,0.11863640152544963,0.42409864204412706
86.68014382619265,0,0.37336477998095274,0.23908681793521014
11.410407118363718,1,0.9340847143797223,0.5202980893324648
73.24135029937877,1,0.9490904912313797,0.21716765662280302
44.00886995273686,1,0.7678708655237956,0.5643216055492423
55.31038024112752,0,0.2044305830713875,0.14897383622634341
65.41024094823568,1,0.19444985846416063,0.4056929120913563
96.98151167055694,0,0.8797715108807204,0.5104263353048053
98.45780814316247,1,0.14191592301112477,0.03170102804382746
28.82282454879053,1,0.5841374773324892,0.6107172404696143
73.37534974379162,0,0.3782516822790678,0.7503152934975034
74.99835379352686,1,0.3020110079611765,0.9560735628110393
34.649286131304876,1,0.6773820256769805,0.2031263524644097
12.3869774864221,1,0.9595690766519378,0.2086953672495787
4.094696028571976,0,0.7776337382402986,0.30483082422883734
77.73431275291786,1,0.48616259310155396,0.8907640374569055
48.96997418169059,1,0.4407115082022164,0.4068571636928723
98.55401694949262,1,0.9076641883223868,0.3017938130759549
46.497345619365305,1,0.578107098473754,0.741180781879376
97.79169790738402,0,0.49663902306619523,0.03799017757764245
41.157600219405985,1,0.6828358695314231,0.5488145113083064
79.36821505599725,1,0.23715381712952643,0.4501899910762607
8.481927231183207,1,0.06373548757487968,0.6248582107426558
55.54617101377639,0,0.855111440485344,0.7310996734904125
80.20597869857242,1,0.6072617006994568,0.32498838554527143
92.47016672198886,1,0.16487710122506882,0.6364171860232425
82.25830906174316,0,0.2980479265007472,0.5243287029609947
3.6970727201174225,1,0.9899335125895308,0.1339678103902766
37.270234130673416,0,0.6344236324636553,0.8817262080096606
4.869847231385127,0,0.6361121409671224,0.7545901678308551
10.928229111455801,1,0.07216366320872203,0.9216541342290288
67.53056286674841,0,0.9689917342439318,0.7204045914639995
71.32581963116982,1,0.8927828895587206,0.2448065604710764
77.37206827516263,0,0.5477824422632205,0.43052622513598937
86.54565480556629,1,0.3093889164508735,0.386868425444869
73.943146847651,1,0.6980552283860917,0.03582193263215616
80.0871592106632,1,0.8333743944718691,0.4105481529788867
4.896370982327925,1,0.7861214098232535,0.34556945399778305
23.45351504412986,1,0.9770473720478788,0.003923786200879853
62.189777337524575,1,0.6368553986669425,0.847123259091292
85.81253046248231,0,0.3212254315588653,0.1438744250078532
0.45001249396591225,1,0.4979276130685336,0.500952167385264
51.46293421163498,0,0.8163171679506165,0.7846778231340452
67.72873993643972,1,0.2653425872153774,0.6044813690998091
2.9607289128613212,0,0.23140825494399142,0.1693512253826509
40.13555575533879,1,0.7248345803264707,0.6182111256651116
89.56348813836968,1,0.4444274265154108,0.7575968944487361
67.16128088558587,1,0.8165703951897226,0.8547645161441797
23.76583633605973,1,0.1436835861589889,0.3186537597375312
85.27811296319126,0,0.3356964631494067,0.03392140053601933
34.80314234095143,0,0.2680999065901012,0.607948206442907
85.33446711440594,1,0.6978681480662735,0.22576851014390664
29.894365111890554,1,0.7593292133266495,0.7808950739445915
59.032025088314896,0,0.4560026958865563,0.6798817093661244
39.69400677478341,1,0.4780293763989356,0.7731868546759277
27.4825050755067,1,0.13203188278912947,0.9675312003214016
88.65575621718692,0,0.7018280938130524,0.5845473951485413
18.759368193949133,1,0.9923176335992474,0.9043135504101099
8.48115912357631,0,0.7779218408318094,0.6418933824740444
34.19269385456604,0,0.22311232318762808,0.18174434619868407
71.76391476415675,1,0.6231227395942356,0.7993081795089588
80.74316059762818,0,0.29495681066425294,0.6936986242137152
99.87433700667648,1,0.03017655291628296,0.977939777674916
29.63620570111649,1,0.17982285565583356,0.24343198894074403
40.79419511312822,1,0.10259357226384136,0.3331255162839325
13.68212780296263,1,0.19593255356819417,0.8214910266023719
57.487192962303354,1,0.7956044214490035,0.06288959803358041
99.75800372629172,1,0.29283213403043173,0.6331997646149408
70.08810101206585,1,0.7570399509451119,0.5354760527328751
59.521284041337175,1,0.9488625548427708,0.16882187226755685
39.2369092921794,1,0.5742731150677747,0.16512170926024317
91.52987602855548,0,0.4854089420100546,0.8101976212539794
49.69165961303494,1,0.7501271755902638,0.015445155437674774
13.43669133130615,1,0.09709013989309001,0.746841440309942
36.53784631991335,1,0.42821208748488515,0.7326672270044869
6.716666884776689,1,0.49882459493206066,0.6496799763686545
20.197903768878156,1,0.8310513103983777,0.40951766308126614
1.7668780999912204,0,0.8142176602312994,0.028320683524207024
45.327991650016344,1,0.8482653598499812,0.8017766682930172
63.45402649517972,1,0.6978729278677018,0.1257072038064413
34.32924623789078,0,0.5305558071848376,0.28078748415970567
42.03817715052771,0,0.8278793213433822,0.9467829267912032
95.92092728445759,0,0.8732824152552696,0.3018610265161712
75.19631215749155,1,0.4804845926588137,0.25513915039492163
54.085663694495125,1,0.9856619078887716,0.9733705553784043
28.454087511182525,1,0.8748181249791787,0.08593220209566887
89.69967987729952,0,0.5104696654214079,0.16069038791734747
23.50971168806595,1,0.06928759534710638,0.43831751488178516
32.534273051667704,1,0.22449205087189628,0.7876731278415507
90.90648144229485,1,0.7763985793762849,0.8843589389432764
52.95420552850724,0,0.11115425699868475,0.7556357226827659
74.23179494179767,0,0.4698000663192632,0.9761750316028538
59.07447941637661,1,0.6048521921047275,0.016846142606958603
65.34392090094951,1,0.8783468283705153,0.6195065549914396
29.938329151482556,0,0.8471138628934799,0.11634620188493383
24.137206162666292,1,0.7642779210597328,0.9103627406048701
32.249234716866525,0,0.407694242611199,0.9353072073593923
15.544156408342246,0,0.14224925434229707,0.3030282177037976
87.43143652908074,1,0.6696493095578478,0.8277085351829984
28.324693325011406,1,0.18128862248847266,0.6302755753872982
56.14893944143846,1,0.5613144834086158,0.10048878448505816
79.1974425141374,1,0.9806781824633444,0.6027681593284442
78.38241093757135,1,0.5503097758072746,0.9760570393576685
43.83862585841929,0,0.6455568672604475,0.3080940490057231
47.62573085867257,1,0.6775754719161738,0.0011407761460023869
99.47017489350249,1,0.8303883576755049,0.976791677203179
67.4597476979024,1,0.43498067810704877,0.41398341745050315
81.46384431178826,1,0.4975099010524977,0.43093276784338286
90.2553969219232,1,0.17597201392458994,0.7126121170937385
78.75898362293393,0,0.614679887737502,0.6043853871444242
18.51793449535676,0,0.2957580063243892,0.301986612311989
56.21707337375722,1,0.5076247488886996,0.0999778786559673
10.189415731454488,1,0.7665571935098978,0.8273625199471958
65.29221265639984,0,0.017569904681986603,0.48337717634640254
95.5349428187811,0,0.5639155265843732,0.6724742936467212
51.27320643001113,1,0.17344501731068973,0.8605047001191455
43.29724928677672,0,0.27938333978385366,0.017722379285222356
3.5842751418163177,0,0.03471328008699792,0.8593852769426914
95.97745223292203,1,0.16946276018590223,0.751795259756768
10.300268413015878,1,0.9866293932871518,0.9468217499864638
4.107909330484693,1,0.9985227611993119,0.23359080526878373
24.606661150493846,1,0.7198479198896475,0.32242233719791746
6.5530433918382425,1,0.6118568547711936,0.6614787426125196
45.51178424117624,1,0.777006953099265,0.9257929886612333
51.60878012571124,0,0.8965542721851617,0.9926693614493907
31.25699490285839,0,0.5193050595654082,0.416737650585681
5.096048257488606,1,0.03528399941770122,0.5392296757207439
11.16003682492267,1,0.7093958205800527,0.17055100761373154
38.45043779899281,1,0.9846025020724225,0.6939753672385983
6.052845082653613,0,0.2580529559719613,0.8373704228929144
69.81897256099134,1,0.46346556546109996,0.7986493124444201
20.702054152481196,1,0.36127440105128117,0.3458430447561033
30.20715687836385,1,0.3904674942298634,0.9632640157139396
39.41257771780975,1,0.7213999938753569,0.12034658703803136
41.66096330691479,1,0.37840438975605006,0.4939700150961598
0.16607076748005323,1,0.9410841254587267,0.5545971301931053
11.207037099869755,1,0.7896584537635604,0.5365138570536546
86.2764563740878,1,0.02764702508769512,0.757890779678944
0.1233062511908134,1,0.8185488820337248,0.6096072324772517
50.81673558128751,1,0.7728574224386586,0.07712943329417465
48.95020065072081,0,0.5164937283812335,0.17985165343674625
33.30941610106378,0,0.49681739674641356,0.5322390206551036
43.13270201464496,1,0.8355269034669534,0.6945476010634188
78.05811375265843,1,0.42478528916303493,0.5141745322105782
84.12037062149564,1,0.15946234329329845,0.35550778344046474
26.034854341525005,0,0.31289883284903264,0.051134561745864504
32.249044096772984,1,0.26520240335748935,0.7858808993351112
24.248285302833274,1,0.6810590296514503,0.49719423989808864
47.98634005510651,1,0.17887335004084526,0.5387891305470927
68.3258357658813,0,0.644772436432807,0.46895814026791616
22.825287546342054,1,0.46596694726376187,0.26534541574574666
33.073574205486665,0,0.8396609294117818,0.2763734647440481
93.03846175891505,1,0.48499874321746794,0.06350078724999064
4.8569289846958075,0,0.9298039345693829,0.7075990162019328
46.07696052395662,0,0.9004691278855878,0.27187287313352193
71.15580415967779,0,0.18528757910402283,0.2985613481742777
15.045401155747406,1,0.6861663523518836,0.9935001210028401
4.737402000548185,1,0.21462474912077523,0.3858125558241988
13.820537163853075,1,0.8233043062304577,0.5106972077540088
91.88231935306828,1,0.6357231545365691,0.3864731007611816
0.9259781821123414,1,0.29411769428165113,0.2901911132443754
18.832197481135182,1,0.24912362838350643,0.005850738246765408
3.128351290164455,1,0.42957765504543,0.854886347775255
11.062946756220327,1,0.800722971461131,0.4731536754400616
62.014928662829625,1,0.7961616090394517,0.719890303709417
24.163890873908578,1,0.03337622555493547,0.9586566916295705
56.92120504306768,1,0.3022872154709001,0.0028313399537372996
59.019538276612614,0,0.4228509634697176,0.6750396068442571
84.9435333089779,1,0.5855820134442432,0.11864070403393867
0.47413929118739206,0,0.14952700881469905,0.4579650576825216
85.33694593423668,0,0.3352830205289248,0.846782080891449
61.9119086426974,1,0.8855970205679587,0.07149584898446826
16.27434861049576,1,0.47654751341364954,0.9896134848786343
77.2937388135284,1,0.7441432260434394,0.5808358281183631
85.54915417905858,0,0.4847785064963399,0.3949934589171552
25.42634837541573,1,0.4649825764004636,0.019510265335404342
91.87936809026809,1,0.6219255250835041,0.5868230781613851
45.44574302986578,1,0.25936451218961754,0.49489046400750536
60.342445433332145,1,0.24980209930624997,0.21531700217248884
98.46495336176436,0,0.989353854891609,0.4904475335875007
36.15360786391994,1,0.8689920093192223,0.012789264022986413
81.31593458201128,1,0.7377548964496445,0.9994776140287939
31.839911782845963,1,0.13714453905553325,0.3321144411656285
79.9213522241491,1,0.03022471118476666,0.4802221480611898
60.07339188626425,1,0.17541250419709298,0.7847781680504067
21.635569522540145,1,0.93773096450752,0.7127783435934174
41.402609378923636,1,0.8162897702489879,0.888559040702101
31.76356343635617,0,0.5230760124885764,0.9413257368665511
7.810839308036388,0,0.9687805913683772,0.18917783096636642
2.9834770099697483,1,0.146582102902301,0.3903998462257746
34.647865540718094,1,0.5591504400060369,0.6868169919623913
1.903414781748658,1,0.18322212639870983,0.04502427543041465
16.548775758177502,1,0.3064286048043059,0.7169449061792978
72.51833208508688,1,0.9401350189632256,0.004883440001247741
70.80912356835879,1,0.8682785165486835,0.9140884762675338
73.85803864573826,1,0.10179878563058609,0.7181694497416029
31.715317112997877,1,0.24954380556093847,0.5654991724649827
89.00194571176955,1,0.5945074695820506,0.42890097230122515
59.38305480284476,1,0.06135278734082439,0.9880247685464114
12.602634174662652,1,0.5500846473514374,0.7365117333594722
14.371866145553414,1,0.5844914357940106,0.8072929575138921
69.30954269297015,1,0.2909671813304595,0.8253849902347975
17.294393644207805,1,0.2931229801251234,0.021874933287801657
50.72927015820433,0,0.2290792687700708,0.05468438506225981
99.17744759287108,1,0.9356763701960428,0.19836498572011663
0.4007604733339498,1,0.38887114069907747,0.6552175960870651
1.6579801897556923,0,0.5852690631138904,0.6239491961994138
99.30845819305065,1,0.3015745742535145,0.32516355480357684
58.46388341341655,1,0.7026640044149043,0.9729987631744599
12.690997551851313,1,0.10144127105864253,0.0931066421281248
89.73021997540937,1,0.07164154309466397,0.7767201227715763
88.03803001276921,1,0.7442837605818863,0.4808771196852435
53.62004131113752,0,0.7266679583153499,0.41883419997252813
62.17920298607565,1,0.26500133614066224,0.025564993194898467
27.318719150087635,1,0.35504671272468835,0.7277996416202209
5.051969637200515,1,0.9572605013328223,0.7715755107669744
59.45676088908643,1,0.10433029499531432,0.318957496788679
29.475519320276298,1,0.183147066546671,0.5169628705958457
66.3621046660352,0,0.4300383649732332,0.6064421232348624
83.62451768426013,1,0.2820989060555251,0.3676452428636199
1.8160543914364058,0,0.6490085486322071,0.6155820061593616
59.57137746857274,1,0.6906017229466844,0.4341270594167477
23.128053968685226,0,0.5263880838900952,0.8780698554954017
87.38884979038014,1,0.6111973014027698,0.7185132266906143
25.36645065618285,1,0.43342083202034487,0.11049998314356813
61.07701332354183,1,0.760387253725166,0.799603183658746
55.354084008961145,0,0.04209849784626973,0.3375056313950089
39.61665000592489,1,0.31289133665588087,0.9355684220320085
67.7620763599794,1,0.684430041394894,0.6033712797780534
72.5769634715434,1,0.3296451078753825,0.02757796064079643
56.69377953193868,0,0.07853528044294944,0.7343627051010597
75.84222371847541,1,0.3450134284667753,0.1307343689710464
98.34170759929376,1,0.7114947717886633,0.8772674829572786
41.92723879008051,1,0.12198486525331775,0.9483303075574022
51.45830518855309,0,0.7246313642116545,0.6952558530293419
1.2469877941213237,1,0.7754557163575756,0.5328727767159439
79.60285563103784,1,0.6353007444226989,0.6020630078329801
52.02300670459938,0,0.24423404855814423,0.4288551711959323
40.79614303605652,1,0.8052953571950614,0.08358278201459013
9.40719630893958,1,0.21444250177846536,0.9288434988343165
88.96564216753973,1,0.9058209521713505,0.32918653475444226
39.50072400405564,1,0.7066456991420821,0.31284777370040295
68.25815982092203,0,0.05471992664705971,0.1913247758328236
14.937415636815077,0,0.799287118661663,0.9924082488344622
96.15496295410325,1,0.5064335403599074,0.9425644372802915
17.84417618218309,1,0.4526488963130514,0.3494323698537579
19.954199289949038,1,0.4205111926984868,0.2600053809449093
85.89828605577138,0,0.6066300664409169,0.8053695296823601
91.25827441419312,0,0.7245785007829613,0.4226100501961395
21.21474075233014,0,0.8959766157245607,0.9677880500881427
46.98008881748279,1,0.2729448129472253,0.9012167296093352
73.34949045628298,1,0.6307762729104237,0.7594513422601925
87.83657338108016,1,0.6863426114681299,0.08992429011436687
37.90526950373052,1,0.6747971397868926,0.7021277365555003
51.70194868494292,0,0.4930006477829699,0.9872543868608756
74.1716410519735,1,0.3910225482037011,0.37329253298376674
73.11359766527954,0,0.7623788170670917,0.8815690030493142
78.29601300260849,1,0.30000980404080135,0.4081418393461933
56.99338186415264,1,0.20805316239824312,0.9713240007093817
10.461509680477521,1,0.5458291937601238,0.6535913715875568
90.397329087804,1,0.26761085766217696,0.09650048291379276
86.55725393210282,1,0.033233162764539026,0.4790457387946232
79.8097435818333,1,0.05157574338230542,0.04972875339771776
9.986247716072949,0,0.6950105263868747,0.3950757236861081
20.43973670814292,0,0.9731458459920731,0.9153812141410812
74.3600365107652,1,0.454688383626075,0.23220219448136248
2.3140094581946435,0,0.14706112558473416,0.9505677780817237
97.92246337072797,0,0.8180832105293531,0.09992304463514046
37.714468035568075,0,0.26143589697371983,0.6648115470741713
71.93125336908236,0,0.9956264616038806,0.9656855561505012
88.75710884880434,1,0.5632641658270601,0.6541535737332509
39.462988815008224,1,0.23263254856010063,0.8990039537552831
31.913248859966604,0,0.4960047695243439,0.9910304746457977
60.87411288982467,1,0.3353812718296486,0.6418434360424641
58.09893737480507,0,0.7794719846269478,0.782263847290607
40.91399776247972,1,0.10581588580805579,0.031985193779737076
60.177475586770846,0,0.8570027170325483,0.4273103785190441
93.53813695664948,1,0.7673368942641347,0.2882653535049121
46.76402566265965,1,0.8613638039014875,0.8241853339971567
19.67421807506313,1,0.8949937460416648,0.6775780125813058
37.72059828830039,0,0.22977782294308124,0.6144142223801891
39.41069825931186,0,0.5210058072286208,0.9315586878189176
13.110869302621985,0,0.8499222201663773,0.08886780508144232
16.28715005545549,1,0.3773879721161115,0.9538412722145726
68.45620733936772,0,0.06040757679563247,0.10076470716922103
33.94777542089027,1,0.29163435653851655,0.3470175468825175
95.48983918558076,1,0.24192031147481086,0.6302736647971824
24.35967453586074,1,0.8700626186891045,0.3414762038674761
9.892450510482231,1,0.46384634940914826,0.6825362782943656
75.3504563000258,0,0.6835442374463132,0.7754186191955664
88.10360519178701,1,0.9621191496915854,0.8285058299413393
27.811335687148787,0,0.29918785238520373,0.17934370090399987
20.208810164547796,1,0.7611995575273958,0.1820766961888466
18.576613487108716,1,0.022764121518721425,0.0523140279289096
52.20123013665123,0,0.10411617531152817,0.49085183890682627
46.841664124677095,1,0.1618650900032781,0.13753361884598403
25.94398398545342,0,0.3124183368725084,0.3185969913871113
4.517311698942638,0,0.4029872151293784,0.8404343192832971
48.14913403262807,1,0.47701589073225437,0.9486589427176836
95.93323476356083,1,0.24533134628339748,0.8220759473470115
65.25192007526633,1,0.06621531961013594,0.0006483831624555236
49.55065566286184,1,0.6775230918402433,0.568024241338772
11.069207402961611,1,0.023661353534264462,0.16666012956693788
25.243629054958728,0,0.8094706348587248,0.37574691120675774
29.477394957454273,0,0.9291548251512014,0.4279189441451754
76.48035526072343,1,0.7103689136596344,0.9429407578120377
87.67107972646193,0,0.5959605172748319,0.6337387318906241
90.16418535664384,1,0.6570185293286328,0.2676550519801758
98.45686082507541,0,0.6522220466175943,0.6427948406334395
98.23666831045324,0,0.9317051360665005,0.9518654775539227
95.29991327679814,1,0.9643058711939674,0.05915912409208668
7.182214050288438,1,0.42671164190822175,0.8159876678426242
13.779353592780518,1,0.6170791761484181,0.21689755571413916
30.44665264760329,1,0.8028070537341723,0.153107952063957
55.28982540644615,0,0.0010381571721375105,0.8988669186734501
9.69778887054793,1,0.5270159168277156,0.001849456997897292
84.57969578021425,0,0.6528763398176977,0.7410857403728923
61.67561790773091,1,0.7172054497375816,0.08722840988938807
54.236440230220495,1,0.36878940939628113,0.6179952950406163
16.531132336729115,1,0.29564442061159224,0.6208969013905683
25.325547440019736,0,0.1821425665679085,0.8627760494914616
16.031202498225806,1,0.5578155490526845,0.8226064972295486
85.19331577947986,1,0.9193034322521215,0.6851643430860379
58.42278600612182,1,0.8959781507240482,0.380547590420932
73.51294275196334,0,0.3599659271576924,0.16640574704757016
29.603286291002572,1,0.25785513993820264,0.6356829260992847
37.12526370882772,0,0.788793822670777,0.4969697987079126
40.48549644265338,1,0.7249800182441882,0.07794226228138745
76.00149717440348,0,0.5053398311374923,0.9555618904688526
77.23529876745681,0,0.3890302595388575,0.3144195199118123
20.68135275140317,1,0.12379790374517496,0.0021407649923053107
94.1538856738099,0,0.7851385890922365,0.9016903038374416
12.06553374436864,1,0.6174644435816974,0.5770508798706664
89.61220824236304,1,0.3768816797380167,0.7330606735503175
10.03956456498093,1,0.9187879760667995,0.15266624029538478
26.453981115131107,1,0.6596727064118622,0.40460567402604186
84.64785360679569,1,0.9292388668437462,0.6450612298137465
17.949207234608743,0,0.4744124603396439,0.25096470816317695
41.356793130996984,1,0.4546178240639299,0.7014989451841578
44.98592999441262,0,0.9372392903140796,0.23361492267387574
24.525897302320963,0,0.9597914282435333,0.20912782713987277
71.02452013359866,0,0.9607673188788862,0.01162465026038284
85.13346494022038,1,0.8188973939074429,0.28190674535330673
87.45751398555718,1,0.4624061448243386,0.24673679202981835
33.9322145736561,1,0.2102992942690588,0.7643565566803482
53.08503942878144,1,0.38344088127782827,0.5697099061679207
24.84064038656515,1,0.9382974915177886,0.1778244837320565
24.479650155014543,1,0.3635542950802999,0.5681274709488372
16.125406285192412,0,0.7567174268235375,0.22544359057477092
94.00190108075147,1,0.9230043510911079,0.4255022800541953
88.798882860558,1,0.9703921628814296,0.8882080617195464
77.73587133276922,1,0.9476741468753561,0.7192562195164937
51.7661521287729,0,0.5550575977222759,0.651100016701223
49.06079155118719,1,0.49188007465087036,0.28148344932213887
52.974566618249796,1,0.9876405087679863,0.1245816648965784
53.65680135770893,0,0.21817920458030682,0.7529489842999344
43.456308469769034,0,0.1875302616847626,0.5678903845477898
13.175483289206745,1,0.9631822977458351,0.6227601698242372
12.566385286853599,1,0.6891948218241696,0.9751133193791509
95.22497158456832,1,0.5363040097981578,0.3483209201672045
48.203075958635054,0,0.1320497928413057,0.8007475292041538
95.32055249051889,1,0.5132402490163293,0.5589568408722299
16.357687771010998,0,0.944221153521555,0.23525994592694244
55.441655203993356,1,0.6028913233486717,0.05288833198659171
20.771725335153924,1,0.4046286224395348,0.6160108919889606
25.318460612660154,1,0.5511030014651284,0.29761613637757334
3.0054578761178785,0,0.8861450870177845,0.6954783464808746
11.895331074021131,1,0.9128486611353276,0.700727161738402
91.68484076291958,1,0.4000881656528953,0.4554604678193276
32.153299148233174,1,0.608061002434322,0.5363971168395979
60.812921191459154,0,0.27920261268283075,0.6265468576679076
46.5014131989273,1,0.4510852961584765,0.46860494380007456
40.04512452452783,1,0.2198826367831429,0.877370605949072
53.188609134606814,0,0.5314722618655752,0.07593457524976144
18.72389446153415,1,0.578240134964662,0.9798181594307654
98.86038985195765,1,0.33783673613077314,0.03345091140828127
81.83078687038629,1,0.27211830063864817,0.2080963558963842
74.16146327315153,1,0.15102560663145193,0.7083078546543606
46.87592970139525,1,0.13954366620615977,0.08496025934161089
15.287712212633597,1,0.7114611157141176,0.2621727531502741
92.06658582735679,1,0.22163800357270336,0.15397667904887735
34.138706738172765,0,0.1179770211065605,0.7235715638162128
5.010668969693377,1,0.9988716897642888,0.578933391310145
34.240367681062864,1,0.259916501889057,0.06447861179206271
79.44570304958843,1,0.8960483154281321,0.46013423540160703
62.27087449882082,0,0.6091859537519174,0.20850292801604553
75.08385847448596,1,0.715070166806815,0.9676985979824018
79.36353838623774,1,0.5609189114996354,0.10791794730905191
21.19546110805426,1,0.1808111950599689,0.5980551753640352
92.37833160931802,1,0.8470515714526026,0.4818472358468181
43.79896029203726,1,0.8279727664867842,0.5780844969983808
63.90136492641646,1,0.34968546535026745,0.956492850706147
0.23087725867420028,1,0.7638506964114639,0.3412818778164861
99.3368498411178,1,0.5430402583444278,0.7487663732110786
28.08963859641551,1,0.9090491405600647,0.4474664771755136
6.206310654015523,1,0.8028243713039679,0.6607616147255355
45.826204153651396,0,0.04099576980203079,0.3656575463045776
12.903005718204174,1,0.8792759721912583,0.22712220525231563
15.232671015757571,0,0.9685664179784899,0.08361635937751744
63.228281303021014,0,0.7421562026251037,0.10175125132087781
39.29273915702333,1,0.11991353084706802,0.9594303187635166
92.1852450154995,1,0.8073758898371202,0.7884566196747949
31.915649460807003,1,0.6474890426235859,0.24495924997100726
72.61801283839011,1,0.3388263175219802,0.5291472368374629
46.109943015490764,1,0.8840305511926667,0.7142327243500672
65.99513011292788,1,0.5655666884531728,0.3525379020024927
59.96953567159904,1,0.8529279310194022,0.4399880581597845
47.27839727589982,0,0.6701137485842428,0.7183819195727064
95.00610946244372,1,0.2885161037049282,0.2274543147531337
34.271364275495586,0,0.9750186958610365,0.526344358466658
17.723550124927257,0,0.5710055479395585,0.21008817168623228
67.80940608798282,0,0.5167552418264589,0.0030776010155260103
84.60075613079087,1,0.403509628253255,0.690263735565004
4.0253739939923765,1,0.13634420307768735,0.7072648596212424
44.96326884226806,1,0.6862128800361617,0.9957226985969202
89.24876896873263,1,0.430799198005814,0.18101544439479955
74.96186189228675,1,0.9346125103556421,0.73958032506574
99.18077164976282,0,0.9650971686188983,0.9479674243626378
53.141381159724375,1,0.767640855349951,0.6445803368111058
65.99957188011513,1,0.2424947637025352,0.9631405604700852
30.248028113792813,1,0.7159796808039663,0.9944409852777842
94.75355996659923,0,0.020421750965055496,0.8016244017715392
36.63354885565363,0,0.8264005028083927,0.9992859087058765
73.85107126866286,1,0.4936185670905291,0.6258244593077614
40.31402041190819,0,0.9367396498851864,0.4970556926136773
56.18189300629993,1,0.3777600413259651,0.917636254370219
71.97825350215462,1,0.2631736044838443,0.830955841433985
50.893415175135424,0,0.9950563387560393,0.11011207334373563
90.70863269095085,0,0.5306778715120752,0.3027226467987649
41.930098792781024,1,0.8631825424104381,0.26064512042998556
64.70717981433252,1,0.9110571640210087,0.8552616593777087
34.23624333000541,1,0.5184687127814234,0.2332453543068037
40.8156668231013,0,0.45571392551918766,0.304044772474095
44.00501082335524,0,0.5528859547723501,0.5187886542957384
12.580701831228524,1,0.8477395028814141,0.07611948671376045
9.17236790590067,1,0.9646602316007996,0.9612296426379177
66.74899231467579,0,0.3283221093697162,0.4910627765359058
65.55177383430522,1,0.7386303821198467,0.1904337240292413
66.29097142100953,1,0.28537447728995946,0.2708207378237415
1.9766445342691674,1,0.6109530413315054,0.7980837470871617
32.65468426717799,1,0.8047895882182705,0.6340064801784223
19.780984725919694,1,0.8864863246612933,0.4646260242233954
77.81514225440124,0,0.44871618427924675,0.33160136738801504
86.06304013961301,0,0.36975568256589153,0.9006843630088608
24.668037722614734,1,0.25345161201088784,0.7725645402921796
66.78491588479864,1,0.13341717041818757,0.7181120373498618
12.936280345827445,1,0.3649175686436741,0.44600050461723306
27.515252560171334,1,0.8719778047478473,0.9811601507598122
13.865449623341952,0,0.4188095162106382,0.7100702967863061
28.352076659922922,0,0.317293165811222,0.42362472498665893
67.47365473492779,0,0.7391322445864148,0.9605520437314566
91.03269101852524,0,0.21558447162593875,0.8957249965310168
20.252240792418597,1,0.25628680248768243,0.7399651935443334
54.20790349507192,1,0.9359086483383025,0.7669961216200817
70.13911012434323,1,0.08158969261721671,0.423627499693905
95.29224684855657,1,0.41463118024342327,0.5073505036301726
61.00604828871739,1,0.5767511923948043,0.19154733903684296
25.51069310273807,0,0.2302607156146056,0.5953962455338484
62.54781569139362,1,0.2810124842347197,0.36991654835907206
32.049116167801614,1,0.22184536474866445,0.34743832557035315
97.61283906917078,1,0.3451855720606416,0.9482282011380659
39.967613516363684,1,0.8985057550784483,0.16478343318399735
68.54277207610141,0,0.4315873465716651,0.8299735840935467
2.322758234675848,0,0.41782901652343174,0.2814685710080941
40.006144613475534,0,0.3865808801743893,0.028655629020025497
87.51076133225116,1,0.9641157269375743,0.040463079828827464
61.022744443324584,0,0.11729943621981564,0.42917749258587157
44.39428863959763,0,0.8718754209393664,0.4544609061484737
93.59374994357259,0,0.3271610677279755,0.32025112844434855
85.39843761472291,1,0.9565115917053534,0.668779605564366
32.22156738229383,1,0.31522724624365883,0.48534277849274976
54.45484020413396,1,0.08287436325632047,0.07411306633115688
48.98242560924627,1,0.5200418843525159,0.34807119491327554
63.220250011486236,0,0.22786557930991036,0.10196273384990395
33.41112669587556,1,0.7529898154733758,0.06291569389024199
24.420500076588823,0,0.6573056183279544,0.20830662499744212
91.2671835255536,0,0.6864691579223767,0.700575461161567
92.38744994985063,1,0.19348948861063664,0.6960016457257276
84.3322885761979,0,0.7086302648851405,0.8613891271035612
97.82044307645613,0,0.3113310269803373,0.7564192924904063
74.49915257796886,1,0.9986740280600711,0.535495687261146
76.46672285619997,1,0.7317676630740063,0.3126120880092609
76.25900919626407,0,0.5904115074085128,0.005811495167750702
48.06076309423065,1,0.867117779215548,0.6471374812877945
45.64521945142717,1,0.5893116997194271,0.2897131876148469
24.022627614900316,0,0.5527498667755334,0.25010010172791797
64.48191943592904,0,0.23731560280537956,0.9748255407742065
28.932013610233454,1,0.678111995325425,0.1742401924062511
25.78084097023544,1,0.3746444282494614,0.03243473984939693
58.596137409605475,1,0.04308262781213035,0.9493903951921164
40.99823882250432,1,0.8160617963699577,0.3060067220564344
21.88566087946322,0,0.051873166648741864,0.39342005062065044
81.60560167528311,1,0.6723001228405259,0.08093490394342173
86.0569919294376,1,0.1567208914849152,0.404065214453321
16.769951967778095,0,0.43256951657086384,0.9722212907685502
0.7507032799999869,1,0.8590916585467206,0.6940197178380764
33.61299685293737,0,0.09441954911414663,0.47382484483319964
79.75108356807526,1,0.6671506785526209,0.307471646012353
83.91738662343245,1,0.6126187424860853,0.36604395928104194
13.832907011604922,1,0.8675297463562928,0.6112281499601985
77.43359011830512,1,0.17273487132406673,0.25445006260530967
11.570416730942945,1,0.7997875046358048,0.15194752549520008
39.00625901565292,0,0.4501211967413282,0.6962286739436482
99.86095150119158,1,0.4286439124932455,0.8694697771188493
19.259082323090983,1,0.3617843508398749,0.9015389084208135
15.396358257762643,0,0.3855741461959179,0.8414185318780102
42.28003325467935,1,0.5199596264252251,0.5305996816999192
61.96685259698614,0,0.10679982292346579,0.788830969004084
93.29007824132532,1,0.4250658698729579,0.9263557317673865
98.08211455330343,1,0.6519812150595229,0.02336258960713422
6.964063659139463,1,0.4981923534383146,0.412098217708192
13.799751734790533,1,0.1658294688496228,0.2041254795701949
79.07379738959939,0,0.36305170179163204,0.9967687854245231
27.063215227086047,1,0.4429616744259298,0.9295660096331743
88.48490595063606,0,0.6688748146329682,0.8021859510759867
66.34532572290868,0,0.9007663225374978,0.29587980512616563
11.184480238067717,1,0.5503755125878185,0.9521022645451306
83.25292849240071,1,0.6763681281173641,0.02925044006214428
17.635638000807585,1,0.07718962543940444,0.18803970651757562
42.34953946796538,0,0.9544670293475931,0.6168737542309264
55.218492855933,1,0.3152086903555229,0.7930067120583083
50.07661490802783,0,0.35429174968792143,0.8836308531155703
68.61629156151504,0,0.22284278064151264,0.3005086107012588
65.26867348692552,1,0.08467007176554919,0.39080460106956927
99.20420055280549,0,0.7900467901418512,0.4548274019537464
99.94219092241879,0,0.2404900817061728,0.026973818533914895
51.64594026356409,1,0.2826877353453131,0.8639692530521021
9.519908696086398,1,0.18179627660627262,0.3379484153861816
72.78432989687184,0,0.9748852802988801,0.19927845375536524
97.66640782165892,1,0.7810347972792044,0.40919706309995296
31.832638762902032,0,0.9298996499807005,0.7105633748990247
46.12088858375738,1,0.8617233670535104,0.8709155793938108
42.477692481545596,0,0.9062967995452617,0.21537646621562256
5.141915455692936,0,0.479034051849193,0.17261296703539575
67.22644312234448,1,0.17054143735710048,0.9437829678203432
35.33376950684678,0,0.3268803343575444,0.5508930191635677
78.74638746315023,0,0.2924515169817036,0.36577201899192346
83.21200752819861,0,0.7171338376013564,0.19931945506412285
82.12307865978454,1,0.02567268630734243,0.9952478221984388
41.666599803988014,1,0.14204221491797708,0.7191842870915515
32.15456822408995,1,0.6828851202548609,0.21788530817716523
74.88207796670548,1,0.12344235380044144,0.09125944482715287
80.1389433842723,1,0.04829185077040021,0.19928234396824585
49.12574463913661,1,0.10921516461119085,0.24774260390757807
89.3031019536303,1,0.6906741530430963,0.11108564926160291
14.390869607855826,1,0.13932525940470009,0.22965137071373665
87.90687796589602,1,0.14630436113648138,0.11677970493293088
9.609523297188128,1,0.2303001967590993,0.3777317008865626
15.35255220546139,0,0.7509107041965226,0.48619525916984196
53.384001327396035,1,0.200352912260776,0.45528497258091805
6.7518480187415015,0,0.0353753967242072,0.8292100683490646
5.280710140011036,1,0.9058633555759406,0.2539953863347114
0.05187441657055203,0,0.8763184242909228,0.8870938238883462
43.631665969426315,0,0.1848190008964724,0.9081228185288022
77.46238812922299,1,0.26534258977345493,0.9597997120036441
3.4838350279915664,1,0.18855757144364094,0.1809832338848848
65.22576064658554,1,0.7195345389617299,0.2457511462353713
82.31273174161865,1,0.25000888418923206,0.6238322773574071
16.800084857787112,1,0.9314497573785021,0.1408916332050889
14.686373482140425,1,0.8276410243835689,0.0856213303364245
86.0800973620536,1,0.5884011275696732,0.07369721203144775
82.31246099500947,1,0.008938224713713194,0.6061496346662488
53.89417662641869,1,0.8836694064166667,0.8046781420099866
81.91998792939803,1,0.7277616465325542,0.25888566265918866
9.275607742449477,1,0.7879073965410064,0.9335338871257884
39.44815179387544,1,0.07182520457199104,0.7919355078990509
73.77975561063728,1,0.7085601702185422,0.07746040536507126
25.745195932396335,1,0.8045894736241437,0.40730312852481476
75.23289144335527,1,0.9566353561570548,0.06801486603425877
50.41786043908139,1,0.5804704727824356,0.9151941577934949
75.0265987948233,1,0.5080418519992715,0.7428021444726454
46.467963785732955,1,0.42539678998191177,0.6865451303547171
36.79043402218176,1,0.7012876809646438,0.6827018466141984
21.918921647863232,1,0.9208213047146138,0.28518250189574357
20.837934143501503,1,0.5997550487160357,0.9335391552007086
75.1490810571396,0,0.2272836415083398,0.9227766582203948
11.89103480339605,1,0.017573950309176745,0.7394888093742308
8.598235011094513,1,0.6191131182675276,0.468930207071793
17.629136502213015,1,0.8645978880190527,0.04711573079071518
17.53465114539219,0,0.06597527757340937,0.028311350137035673
82.31076228068997,1,0.3975712089613459,0.1381343329238678
39.85066234742124,1,0.9400469260809028,0.5957646936930576
99.03884573604824,0,0.5016769958568053,0.7980993792046939
13.72112577906124,1,0.22065822978859306,0.9484657602736191
65.35398256936433,1,0.35365641176884843,0.17536207927614678
44.87295072012506,1,0.4081395661948063,0.2755278807961583
39.2918176697074,0,0.11728951441679214,0.05410028705441505
87.50841990540823,0,0.6607922438484112,0.9890471668808795
97.55956458283997,1,0.5921643290924764,0.7809150792110731
87.28589587741787,0,0.6477228778655774,0.48071412919002743
19.230067903513305,1,0.6107915686801879,0.5755653553024455
22.079792120893405,1,0.01667206828833967,0.5621744113330919
65.60738790950633,0,0.17446284956631963,0.2543607531431503
28.90835816381917,1,0.16557200194586053,0.1853906942934196
73.47251307805799,1,0.09795148629798944,0.29697571662213196
56.642065080964464,1,0.7354757731982764,0.2471535497961499
55.09087684904029,1,0.12013721447849168,0.557528089864361
82.85469248387858,1,0.6681940734503442,0.30820280583985693
71.05327717426778,0,0.17839030965367542,0.7289447916156762
2.6577764997291697,0,0.11831017824792633,0.5679397328570356
4.945913714601568,1,0.16253004861607934,0.5322637654140473
60.15584524560157,1,0.50840345653802,0.9512937670892465
48.61920756222755,0,0.6454825098577557,0.32240953538032124
26.01846553429914,0,0.8119248600576368,0.6352698632399278
41.865608731480165,1,0.1285622054646306,5.0627027428640226e-05
75.79103187328606,0,0.6161867473858301,0.7369236472772692
82.661148465793,1,0.7738395994112472,0.5025439290167611
56.12230678900442,1,0.3124051715078844,0.20838495728445972
38.5369480857103,1,0.07971557936743767,0.0015105564286171935
27.069676149510702,0,0.15594596306651387,0.7069439640037537
52.19184707692535,0,0.09155864756045673,0.6627007035505739
31.4749618564381,1,0.8872119310226779,0.665407116479567
56.40951370472229,1,0.37670166836023455,0.43745482312046113
67.66523825096377,0,0.523348605135786,0.6392973257699487
6.607921091939484,1,0.7686881518043146,0.5713347901060603
0.10674650227472382,1,0.3714984221207238,0.23889504461126865
21.227713884074294,0,0.6491026546276127,0.5187680414684286
89.45114977187811,1,0.07667985321843773,0.5145927946188952
64.62907632285592,0,0.48090564756860044,0.8236228882333737
17.196035193702286,1,0.09651896617030764,0.43348902267073597
89.02639618236188,0,0.24828414068022808,0.436085435766277
46.995594028734,1,0.29334082759546865,0.9844044712748163
47.60917566786607,1,0.7175838038869466,0.8944638728589331
93.55419438426551,1,0.6741041862892538,0.24228599004374174
5.948669218334002,1,0.7470800889310658,0.9102930946686671
21.517827462871853,1,0.06175504723733516,0.13796665634603278
58.57713251547224,1,0.9939142121730469,0.8533910587400004
19.548650958200408,1,0.05442002870976892,0.1833233767300173
67.95270092089578,0,0.825747791439154,0.42560334889836404
21.40922893367202,1,0.7402689334805356,0.9839216312683395
9.915697059881435,0,0.5917617904918199,0.09704893655223035
20.698515964083974,1,0.4388571651449872,0.8397878199680053
42.273403427206226,1,0.7571323532701827,0.4947339495276596
17.61382991730799,1,0.7398578032688461,0.11099136577511037
13.46920249233473,1,0.13717833548980451,0.9524913791050028
86.02818862189409,1,0.7926324729608702,0.5492313681392259
32.03972035973079,0,0.07855699743496525,0.8806410219243355
36.07586865182536,0,0.5005461421285348,0.8691069419867508
5.527040950122764,1,0.6450818265671943,0.01463458294069786
35.73696235020542,0,0.8216888573752277,0.2648407035658359
26.480717732157967,0,0.46311021809305375,0.3369215796131525
61.04850673417885,1,0.2368580775651452,0.5348640455415051
20.53902976724067,1,0.4906596154566065,0.07186600984108071
88.83654530628405,1,0.2502081104371201,0.3889668983296899
92.96666209195551,1,0.5287253814561483,0.8146381236230967
9.98310571767902,1,0.46250818310651787,0.17319111500726658
10.740295628857721,0,0.7805044837503944,0.7012764745763828
11.532643811098797,1,0.24009011344252895,0.46032940938727374
61.956925631031204,1,0.1999851841903395,0.07070511889648479
12.19689642096229,1,0.47418533956695996,0.17737406562895475
85.23823179302663,1,0.050504365190850664,0.1410307317338546
75.42715149378924,1,0.22934062843550584,0.6197178463187532
81.98088582380241,0,0.3537049141876919,0.08732439888282173
52.60605268860209,1,0.48762971256091026,0.8230467807774929
99.66772115191534,0,0.26943671122536406,0.806659130936897
4.417510294416127,1,0.5606364947084064,0.08006199712078244
40.12649641861133,0,0.8784146664451715,0.8881971977301835
32.393666893763616,0,0.5437274613576021,0.9591608256761988
94.8645498712641,1,0.2868395217364318,0.043468098181245085
57.68609584975929,1,0.061980972002314894,0.9503295681368317
80.61909654447253,1,0.13666630474832364,0.2794621693896858
17.034119365851886,0,0.5612173685471906,0.6647619408031905
97.86341439004389,1,0.6837088381043798,0.17481574623696672
49.86395468763152,0,0.04966794355407056,0.8174558496046032
49.36720762706458,0,0.18554982971348166,0.841913341560424
97.08847285457378,1,0.31908127067657055,0.9783414051964953
38.0732361217145,0,0.31977310888050237,0.9925334621708327
39.7525024554993,1,0.958407014177961,0.07585770777602807
58.47527028049366,0,0.20377059794242258,0.6579636012780745
12.805261054778693,0,0.0625203494791089,0.2730461771522924
32.108562641185486,1,0.3530148293123191,0.1255777856311452
19.320832244513053,0,0.13444197102967947,0.14879541871509805
10.32834791070496,1,0.12658196513578912,0.9364372389284052
86.61446063310201,1,0.40745066111712835,0.6836492383453451
58.933116612747604,0,0.30639113924994865,0.05046095096904113
35.86727915279112,1,0.09172677615535951,0.9842300781460926
40.86693773667128,0,0.6043034294274493,0.8078122363607148
43.15190036873546,1,0.50169976602035,0.30917930565072504
63.314918214470936,0,0.07709966895130538,0.47086669360570055
92.67693914889932,1,0.8627444740141443,0.7265759792020422
93.27796196569825,1,0.2847130582123327,0.6760320858394464
39.14919795306634,1,0.9613807849471794,0.46308089881423575
32.926245959776956,1,0.9315386325563256,0.5123899006990669
45.104650018525504,1,0.4340966262187528,0.043207680416432526
56.793423042849255,1,0.22856694043833492,0.5006332444869486
46.181791144974824,1,0.8348527125302225,0.34024689172403644
65.87534098167009,1,0.3612858416224468,0.28505120047495636
55.43990233797636,1,0.16355069467129824,0.269622424768186
32.07155466940761,1,0.5516077158189412,0.6489468973564484
34.57308057626326,0,0.48940244270126576,0.42925762072131857
37.859278755973094,1,0.8500178788139564,0.4258024084279245
9.463976824938868,1,0.7292813798393321,0.15918699135147873
16.60626324139731,1,0.8761394868367537,0.961863568243617
72.31138021453862,0,0.7347029123873744,0.2239262024505514
38.909671152208006,1,0.642174960647797,0.40610920660078464
21.453897256014365,0,0.5001771522770128,0.19020476417973897
56.26724105748573,1,0.9875532894964475,0.7031428523891479
75.55395424734273,1,0.9591648240001723,0.4361287464608543
25.742236234537142,0,0.8488529815357496,0.41364993901810154
82.67898819237445,1,0.7753192137855278,0.8750948853890671
92.75048596250495,0,0.5775595501185121,0.7594798497934533
59.73945290738407,1,0.2597533605262068,0.5198750528891809
66.89476589915796,1,0.8754390270879648,0.46859040404113705
5.257599032305538,1,0.010816134878957717,0.9599013977970557
94.55198910219065,1,0.2274399667939332,0.9564621646912369
39.24847342649438,0,0.4037324450844698,0.7047708679098876
92.390040054543,1,0.586157155234072,0.7601479264864329
57.897752475024255,1,0.5608793203603559,0.8990929081538158
0.46187988433276095,0,0.1758158263852847,0.9643087558707376
3.8541999323435716,1,0.10479819981353178,0.08227476627082331
68.04188056699219,1,0.22232892758527967,0.9973388324705817
56.26680138319331,1,0.3487087888964836,0.7030222149693987
2.6532437206074344,1,0.01405368792008621,0.5927448541916276
74.34599612223853,1,0.6924558205498558,0.4131671253268977
85.21453370691817,1,0.24772743573749145,0.33638989368603744
49.64174824393083,0,0.3514044365483624,0.8042102085239773
46.5757440357255,1,0.3349016905838995,0.6544350565466125
0.5473108834627483,1,0.5118298008785218,0.20070516882149403
78.66497124935992,0,0.859799722094611,0.609911037134006
33.07160667461054,1,0.14938995350554118,0.14116610172146538
87.87636197825395,0,0.34072711323127003,0.4968748265061286
37.3060587558053,1,0.6920288077317835,0.5834576378346484
56.507791063070556,1,0.04423141328043678,0.6356840707440323
27.03417881993275,1,0.8299786351622237,0.1452621897234352
16.058831258491868,0,0.9618251404974265,0.09559852865077034
77.4907903381328,1,0.6076372025819908,0.25870816597535784
49.65904788462816,1,0.9565083710307213,0.6070298321546135
53.64879237522507,1,0.41306182943174774,0.9316828139709228
96.54159534817354,1,0.4150317306551369,0.7791235309003536
96.35799122221536,1,0.10624890941343745,0.7457105251724274
85.56421217024035,1,0.0354469349997697,0.3302323445577159
18.760929276503358,1,0.24450431813453388,0.11170737977515854
59.42726943015799,1,0.4781286571011477,0.891939406120252
87.81474246555373,0,0.507682390862889,0.5008535050166287
37.446393644893774,1,0.21757538174143332,0.10051084620425199
10.110616593558497,1,0.6128056746614275,0.5349687301171792
81.09629022399218,1,0.1812058748383879,0.6754102426652563
48.17635513621716,1,0.32621114026910014,0.31990002960233843
56.439268035917856,1,0.19570951518932744,0.00924893168363583
98.21442963178444,0,0.6966635999901375,0.6216069621477621
60.72114304940721,1,0.5165725082223118,0.040095518429485
42.49793856661014,1,0.7361010990726155,0.43279329087118723
36.99843678471978,1,0.05724816959164969,0.8247752281268471
41.76192926540456,1,0.42536208023514144,0.9988476323424802
11.839908317866875,1,0.9669585789814206,0.3703029139841675
79.47505584175718,1,0.053619514706363613,0.020126926500197095
83.77168581870411,1,0.41837868969596215,0.49290310193877207
28.439713457340886,1,0.04039821885562056,0.27627539743199225
30.37966184099441,1,0.14665332097079997,0.8927750135891924
87.43342563348132,0,0.4625264515730515,0.711503150327694
2.3970355527955456,1,0.1575133976840526,0.4043232688059525
52.045744376722766,1,0.5187554249638431,0.7620282309181695
46.3675714681501,1,0.9227316827700696,0.3412058689229325
69.01267695784597,1,0.20040755819742673,0.5217635851137898
16.33917001494545,1,0.10718650971219779,0.9227852797991704
66.83307407951537,1,0.825276561982952,0.20015726623702945
37.673400787487644,1,0.4602698474137552,0.3130580019067061
61.8714778169642,1,0.8826110988441378,0.8855934125269594
4.009500987277592,0,0.30612329466538724,0.46187836031041174
46.172719718450935,1,0.6275320051870896,0.3178888286735788
52.22508939823721,1,0.9233135543016643,0.03729867018394051
21.43264028549866,1,0.17169579944790592,0.41895303758690106
13.962365417912071,0,0.8007285593054033,0.5006011113688091
18.84743030123014,1,0.6315167498451273,0.4063328673210873
34.414107806334805,1,0.8129467446270534,0.2774592337705588
9.681014930497145,1,0.17069334495310817,0.3691301735538661
94.73197957296044,0,0.4340864703370123,0.6424447985537197
40.49940614958173,1,0.12883722847695267,0.8912797199630025
80.8969602506749,1,0.9600821079853646,0.6496758225775019
97.44171231088467,0,0.06269172296013448,0.6461624359737661
8.07352800027391,0,0.06548339799438829,0.8168748619808778
65.1669467934994,0,0.8981561921817023,0.16514277773326635
87.14090867412139,1,0.300762148137675,0.30109762945813845
63.42344339667283,0,0.5970200328471501,0.05059098297487097
42.90261213574127,1,0.28747552890730677,0.3496377968732406
43.10763576379383,1,0.6487583756275316,0.9988237822665057
3.589888600735891,1,0.19246936927002722,0.3293123953655759
53.46007512892753,1,0.4588694580514693,0.8597729960259071
99.35429967868474,1,0.5334921747803945,0.08577771393043243
95.87075259719342,0,0.33364289028713,0.4597123633359994
4.039922884216319,1,0.25170061126895205,0.3514628653816366
70.57970036294881,0,0.1402066676712168,0.2015828632314156
30.17648666969308,0,0.7061443363079198,0.372506257056864
90.29891534061368,1,0.16828271599442324,0.6512781114139471
4.511474570927854,0,0.29212639118814465,0.4903080748890929
93.58741020110806,0,0.3369087646165174,0.8443340312084617
83.74757437877768,1,0.4543667969796701,0.9049466068483374
11.750438225260151,1,0.702568699550067,0.4818928311694448
5.98243373172992,0,0.42794513465370543,0.9817263141511197
83.4707664326936,1,0.8710936214354834,0.07202076353658393
15.575767097457938,1,0.6797856466201845,0.2763392213362481
53.48981529758705,1,0.83848671613018,0.4167112704085759
91.57448578787096,0,0.7163539613309406,0.5827015103583273
56.74481135493233,1,0.14863179983709962,0.5459297413132106
39.72333014728241,1,0.9779273018640902,0.5679767637820737
44.50160548539922,0,0.7865862657683655,0.8962507226086311
6.311717070387102,0,0.5727217686340125,0.277565191953306
96.87523213615988,0,0.16523094073812616,0.8168537455886287
31.065418508108277,1,0.17268064857897447,0.5580005541276593
18.936349167285382,0,0.6143311748601417,0.49049048292269126
28.60473018403953,1,0.41619713300201133,0.29941342562546913
96.43731948914788,1,0.6758595005151458,0.3040688027600028
9.428605348800701,0,0.37242772489970266,0.38847987144488705
86.73030405011814,1,0.5128451714565949,0.7635104880996915
70.78438944014478,0,0.18795803796396204,0.47673288759227106
83.00191791590281,0,0.1552011442938266,0.15383368525624996
97.58975403678963,1,0.0756447636984906,0.7598631773427998
84.21546555168719,1,0.8196393048985523,0.6633799879158684
94.33823512778528,1,0.5553862515796613,0.949238768401167
12.693525679091977,1,0.9471410399066623,0.5294141016195433
79.578856516697,0,0.749486281359328,0.6544221424578042
54.567569408104774,1,0.768763160249494,0.47933027276121143
54.349559507986065,0,0.5090584341970155,0.6807802082779644
89.89215763205137,1,0.8154539365256507,0.4361170632001834
97.18038186467113,1,0.9420634453138168,0.1378564787358244
70.4838323043181,1,0.7217402523354377,0.9866832362991309
48.29383894717839,1,0.10558894088700133,0.7203637027958554
45.64038579018453,1,0.6510198592535063,0.6086258252298514
38.63414572231818,1,0.12043321224109194,0.48142075018551944
36.15990295726627,0,0.07722242241866784,0.7114290021886652
39.15068416844314,0,0.692900405115938,0.12677492213518093
8.975323525119528,0,0.8347854319240385,0.32611339814169416
7.743608526043822,1,0.1588414907293666,0.12469935076288585
77.98698438723117,1,0.07414860796604472,0.12602509609820411
44.607289292022614,0,0.8865228941920439,0.021347544877200808
93.06844885446205,1,0.1322093369908689,0.7558934151415505
61.22210085939525,1,0.03508609374373717,0.2273086246251792
3.517598218441975,0,0.721054368766489,0.8320077190696871
15.752334131747947,1,0.8477155540953429,0.9044345141637322
20.581979301300755,1,0.5144733414642263,0.16856605965189264
97.57360243896606,1,0.5399252440937878,0.708864042335941
21.870422615163488,1,0.3368605127273786,0.4603057284900609
51.57556762880513,1,0.23846319886623257,0.9189611574060509
93.61769316401961,1,0.7552320701755861,0.4844171938016525
97.71927299143573,1,0.8492844081210426,0.378873886442777
23.636043538354457,1,0.3212447581651967,0.29456511903016
4.911764375004013,1,0.2738191848756514,0.9036214402281574
15.36018325377585,1,0.2677917195450501,0.2261793034085282
6.332847870255809,1,0.05059541802235612,0.8277147916094866
19.51242410923364,0,0.28107502484038105,0.1941874475779376
56.85697147037354,0,0.02565091696900501,0.6433968542534914
91.24487962956418,1,0.7884076224683728,0.4510656397241962
53.721888369434,1,0.25592682903096,0.10460867501667936
62.59895566990807,1,0.6901551893513637,0.12593300431705234
20.18672516095411,1,0.5431883855405562,0.28150914991566967
80.05836206738502,0,0.8374636299771987,0.7666516849540702
61.77889085055832,0,0.9603787275570217,0.7289400022656518
86.41368291927249,1,0.367291614129165,0.20512025140736734
94.88431070057841,0,0.08834081988963716,0.47620219456689983
34.790077575659225,1,0.7496457643859228,0.09698696267699525
9.057905853543936,1,0.021302326199183375,0.7159462861832028
22.592895791678245,1,0.22296333448624628,0.7933020350174008
43.78415656758372,1,0.05325066847313853,0.893512000037027
94.56936518244733,1,0.8981483716198154,0.8857459663901738
37.83098223734152,1,0.0052970817015722815,0.33789230714600593
77.077321366537,0,0.4927421650152318,0.2545338334400228
54.0476692170755,1,0.42399912715898014,0.8965893747463688
18.280877043097654,1,0.6527446645481395,0.14600697481950986
32.07341189534516,0,0.2897440885692498,0.059344071692626676
65.31918850228186,1,0.8736954004694584,0.3142429780247745
67.28533946848934,1,0.7343457415813933,0.7603000439146628
43.47597468090461,0,0.4322944259922329,0.6941997921554635
22.864560266211463,1,0.35802624951254136,0.9870552790268564
72.19067795126763,1,0.8158882474975845,0.3595335711079356
16.887304161271476,1,0.7570602985357707,0.2758473148568794
93.66696918651266,1,0.3990000580240475,0.3782076092449266
18.79035790364767,1,0.3413718626101272,0.7822562614304541
10.731236283252043,1,0.038887989662542144,0.2142999511211381
49.76477023653788,1,0.08170724544014563,0.9477479842464528
51.954959810969406,0,0.05391845555423469,0.512549332529695
50.81929147782448,0,0.024415486348026816,0.7831449957744697
43.666748933883945,1,0.15287238214078092,0.8272618244839166
99.48148928296084,1,0.8571418176805748,0.47881511733775006
48.628061267058186,0,0.7981593107558651,0.7413713804025869
47.7946580739831,1,0.8455738478281971,0.36469432393546086
42.17660627145613,1,0.6238003614254719,0.8109280142732043
6.68257547014629,1,0.62406310124067,0.8239030086174305
59.295663114961606,1,0.12393174655301664,0.5662058194384189
22.796777222318244,1,0.6989653536423868,0.21814781587303733
63.76089802290499,1,0.280026410870473,0.9702231751803647
5.083346194847715,1,0.5192533297862011,0.9469798701752478
98.13871012530016,0,0.9547226038008574,0.6198205445793368
46.90050790126722,1,0.8706153943184273,0.9838810007810211
89.67553715906985,0,0.23319350729579214,0.5027962963912317
47.55611732329348,1,0.7366506157002934,0.3754843749260325
6.033081857422173,0,0.10409074995921108,0.4605030157696628
82.2213546093807,1,0.026742485744032596,0.04590701818551002
64.81837296671344,1,0.028174274781860187,0.5491218481913619
78.17570475739451,0,0.17024648421801236,0.6662324405631974
42.81698635088733,1,0.6949484020937929,0.10951997373064903
63.793674424664495,0,0.36330589345801867,0.2555975716961697
85.62290037966075,1,0.015942438966691785,0.721184109850814
63.10654428718875,1,0.9880226313768419,0.7935901783588653
34.76736348359033,1,0.5333784032319931,0.9858670493444452
66.25295943661999,1,0.39388021511131754,0.25322368589075106
67.18541886140673,1,0.5188498950488314,0.841439471664581
96.0586962506625,1,0.5199709098585499,0.17210296511416656
37.09123215416692,1,0.4702365770929937,0.13087839539864243
42.50817675141312,1,0.6129489044649707,0.7292035811756206
81.21229611870592,1,0.8856266198683065,0.445872371441154
50.576231474274124,0,0.30171369207708654,0.793923498347001
73.6573093115733,1,0.4869686228459622,0.2825647953343958
45.9709464453592,0,0.003643996196768695,0.21319387709969861
21.549514181270048,1,0.8598142813182026,0.5487987438230502
74.52038427810108,1,0.30590388891311626,0.11531047467093081
13.115516918470993,1,0.2712968983283689,0.2787492139914963
19.85836635313081,0,0.9975371692110346,0.16623701145828862
62.68249827842086,0,0.5843929387451879,0.32004729377244145
74.72698001920698,1,0.12304324614099027,0.7654987058515481
89.4687886867815,0,0.265524969893571,0.12074233720784622
27.25864974158917,1,0.35322658826631137,0.6118689191713708
11.072425860055436,1,0.9860600478706539,0.5847660704832264
95.6046659522629,1,0.43062167791485795,0.5381306291672862
15.442308802214244,0,0.23013398829280907,0.48424760347356155
19.76669822546395,1,0.5697309674128171,0.6638606041882662
29.132945355846573,1,0.4047596580570104,0.8518106554557561
52.93913540262874,1,0.05496038814187043,0.16203663834884097
88.2825566034078,0,0.8609196124543255,0.8141313223715929
76.0546022729867,0,0.015687527283303915,0.06147564434405195
70.81575538426351,1,0.8984836357454766,0.48212444984270586
17.518056785600365,1,0.7918587036018022,0.5114655208908595
35.76826315259743,1,0.07582321014241111,0.19758583161416254
47.840492608667795,0,0.7236110778130539,0.0896731053565375
14.742595348558584,1,0.7709416821393189,0.07491097546197312
27.34297021266725,0,0.6023070734286845,0.03723398504328801
30.833320395284424,0,0.5776708001561233,0.5735930241189825
12.727619832903924,1,0.04968702624797405,0.15547461055460587
55.02396919082576,1,0.05949637182278256,0.8087047494299412
70.50281965241929,0,0.7272886498356969,0.8989527210333922
6.993163147686121,1,0.10556517891890982,0.2924081602001163
48.11231017631498,0,0.24184410070647755,0.16446642997870864
78.2211195267795,0,0.49883659382335876,0.40961187562008283
74.79901289524469,1,0.16416367361268158,0.8815702012845593
81.50730962187541,1,0.7898395605500256,0.39981918334123223
44.824063317060705,1,0.8073780237790886,0.10833629601362293
82.05570826398608,1,0.842143211260892,0.9846680927625059
24.07530712142695,0,0.04956812077470496,0.4996754712192716
36.08105614175153,1,0.4278731612336244,0.3423714711909117
17.63555764178013,1,0.8469176727143358,0.8936207898442049
46.74845394285718,0,0.3632193903066989,0.9274034938726929
39.206002241544326,1,0.6958203783230225,0.49680446650865606
24.09271164143122,0,0.5892459041900096,0.30671639379340787
75.17807092307815,1,0.3472086167071786,0.4826338195621567
31.384677211164657,1,0.27640482909042374,0.21928195117018712
27.280433014583572,0,0.6527430920994067,0.47823809793893135
13.089033085049506,1,0.133624137002897,0.22943110567610459
43.88217018019487,0,0.8601225190877586,0.6222027610785109
30.2964628837302,1,0.5764434410807034,0.75988918106968
36.92728413409686,0,0.11150350512583918,0.9694277882755549
23.599726262055263,0,0.7035276451933636,0.8425704693043837
76.31554898199005,1,0.431112549882419,0.08613484480655365
93.00033473547174,1,0.2040814153631757,0.21152287994165886
49.793185278888764,0,0.9610692929248661,0.5316918578787055
64.29984233408325,1,0.7196477850144256,0.257590994188999
86.7172276606706,0,0.5929936233279961,0.01436520708330058
99.88296373336586,1,0.8488671810593617,0.7547909499110205
61.351648472983214,1,0.5438697898821526,0.3577720075875708
88.97794665398688,0,0.44147061233290386,0.06610003241986184
90.8608246555642,1,0.1894468598607083,0.5088364165226363
79.14514878076223,1,0.15339042511817869,0.9772087131483904
46.09313910731102,1,0.4319693163718482,0.678538626422761
8.11540004238993,1,0.4559745790275158,0.15876611324267864
1.5805555440133845,1,0.7333125052307272,0.5142955859296973
47.72006332829246,1,0.4420850100368764,0.9017224548934856
49.43145335346178,1,0.5931592005654178,0.054243666952088376
40.73623878629723,1,0.832518524076246,0.6378932007649366
56.816735129136454,1,0.9933346955105418,0.7212729897808976
55.216270330442704,1,0.32252531515128247,0.7040116993145091
83.6613041032693,1,0.9019544637283687,0.1501704185470848
10.86571032622624,1,0.8060508718535989,0.9072785317152614
22.517766610554546,1,0.06800669031955309,0.3222713327130726
79.30049789596303,1,0.33415893085389126,0.05174202339100509
84.78368672236546,1,0.21904295983438338,0.08322093448254864
99.48242136208678,1,0.664384272422998,0.45757738179969853
87.29120163870842,1,0.5552991362176882,0.03998200207904712
88.9899007072331,1,0.49485105258955364,0.7795525177682635
31.434794262990483,1,0.7635637638075775,0.865823505970318
40.166163400937634,1,0.3333086958119834,0.013373175021304862
26.808510482055105,0,0.3827522955532656,0.8100135033272438
60.62993981927156,1,0.8656339482254493,0.9812064690993978
93.88053542070384,0,0.9722085092600066,0.03036816110574947
34.464088651161774,0,0.7763573407678322,0.7249672446196165
55.700178188145024,1,0.21707097477722626,0.999094078797637
29.629963045348507,1,0.11265163216384733,0.7971185862939543
16.97999737727075,1,0.209205147765802,0.5053570030351376
19.518552981865568,0,0.4227613650228964,0.8848229720731247
5.794534453812994,1,0.23669702774763823,0.7079324249025358
94.92935230092574,1,0.9010411480720117,0.29245165046039634
40.28796085076296,1,0.6707229017674402,0.22431978207726977
83.41208920021081,1,0.4167292447830141,0.5125443927046205
68.13294726896912,1,0.2738117328615608,0.37299052402161037
19.19211614110854,0,0.38066100514096435,0.3294679908080017
17.54622465790878,0,0.4760505953667302,0.17792481672688487
81.19882015105449,0,0.7138223521757286,0.8452860031716979
26.471171061953736,1,0.0893415582288789,0.7050145006448767
91.32851837019757,0,0.8488329397889457,0.33132146965874343
14.005540468949063,0,0.12756003113018,0.2376670815851868
67.77086144544695,0,0.2624500819724379,0.12813791300863586
81.44738760309339,0,0.9935898957725838,0.1125129546723529
23.5256388415645,1,0.19020863404425115,0.6254781852170899
27.620736345656603,0,0.10114218778634565,0.10881717806692537
96.45188861392016,1,0.6384053019187983,0.9602126239769673
26.459760534615828,0,0.3931290798512249,0.2791351016120668
42.99570499000478,0,0.09183543426850871,0.025804860581831623
43.25155932423661,0,0.003742428349045035,0.8553297238431848
25.303474992968354,1,0.0791615763814778,0.3675873958503002
77.57910864370905,0,0.5227355787719067,0.34296588297495967
77.18493432291552,1,0.23089294513094227,0.11862061181638328
37.83180142237856,0,0.7775521343189499,0.6604220582189083
83.51257910807337,1,0.857508633071743,0.3587933715894335
21.307493439900238,0,0.14483301771529433,0.8229945295667228
0.43057756676786463,1,0.33701987073447015,0.6306183036301293
57.11673620557411,1,0.14657412546819748,0.8799123525939663
99.40777724523785,0,0.2866927035819472,0.6225611579880763
3.8644309826884604,0,0.2392044187505713,0.7792782297197487
20.799807370846057,1,0.7868649009371865,0.6965392849047252
51.89146424870842,0,0.3454796780140662,0.4625924246406662
80.99407364448706,0,0.49556479874417636,0.6886739919605512
8.904200507505323,1,0.6738951054729815,0.6636170175583433
39.52346537588943,0,0.8222566491521867,0.006703619926124449
74.70758006298863,1,0.3012090903224518,0.6986379387278516
37.15432084063616,1,0.20922066770401915,0.26215950182284586
18.883642047563896,1,0.9784533737558676,0.5418228220000308
19.54958273965873,0,0.32014754464749695,0.11133238841085491
41.00487869149943,1,0.6710680991808755,0.023022501572340093
47.941707480589116,1,0.6778410406778043,0.015119708775570229
86.1814417816014,0,0.514029445599541,0.1581945123729359
64.22524185679936,1,0.22844744548455698,0.019892506610151628
69.04019545155015,1,0.14145742095417624,0.13239742085101847
98.2987171535907,1,0.4870161449144311,0.5591736053589743
41.18434403009738,0,0.510929536711377,0.400272831572996
40.33544032491283,0,0.7733667567747976,0.9807481225906534
92.33469677258122,1,0.7098334439521935,0.8086943602172022
24.587558700505863,1,0.9120412788358667,0.14677575448863045
72.98152463028667,1,0.9708605618876316,0.4167893934610555
75.45731382181347,0,0.7278513261995407,0.4309707965633207
9.778799744544308,1,0.0765112488302534,0.3621167789512857
46.8231405693584,0,0.40511830921710257,0.49558978067553616
20.056247132155402,1,0.6088023698406829,0.6698745454454652
18.537527280248568,1,0.5901950714499575,0.6408897156596528
46.38281104628762,0,0.18144378583059817,0.35709916413355336
28.942970750806495,0,0.5829447294508714,0.7050456231485226
79.60604476258709,0,0.3496805078814441,0.2894853986634326
90.76048913904825,1,0.33892684484371594,0.8354678442263802
80.27206052883656,1,0.8340070053012362,0.9643720432640257
26.603087262166525,1,0.42193315866822,0.2947366544488952
27.413439368860836,1,0.5273959540644526,0.7846885527704313
25.472835011746742,1,0.5628728610344788,0.8134258038577272
13.503809605623607,1,0.5629967798516162,0.49076337453487895
94.37983681037112,1,0.21312151378337207,0.08774731165304417
40.204779815706935,1,0.5994533631490071,0.7861818900992841
22.468947454587372,1,0.3346236089441196,0.40747823823251983
84.66710505082435,1,0.6550202945961696,0.20807127550175208
39.919530265779045,1,0.1456975989657271,0.6266502325607795
3.511681110966658,1,0.9941155946336695,0.4369381056807642
16.19415702496312,1,0.7720432914533956,0.0875724486801821
63.925034035617,1,0.4172514334843075,0.983674629066707
78.2905274171724,0,0.30135185086428296,0.24466187024414532
21.093438848871294,1,0.3878020348178458,0.5109650554796455
91.73955892661422,0,0.7212082727738749,0.6672882617310237
85.09971200521645,1,0.6554077995845652,0.11508936439869155
84.83807540610809,1,0.7020925120005874,0.7394100938607588
22.76611467992141,1,0.8889991954515393,0.6482888298391255
5.053598865005771,0,0.4562952263104093,0.4937528973068017
86.74235394825837,1,0.6695211484476647,0.528329991668681
30.580022873856738,1,0.4415079549598683,0.9547950274403274
61.891638117352585,1,0.6380980781198765,0.910897837268964
75.996688370073,1,0.47482363696294716,0.11198332387128729
12.829325851112017,1,0.7766636273378931,0.3687520530669005
78.08383545190479,1,0.0052601232837330425,0.5167714317696186
93.85114589610659,0,0.21571095578978183,0.9199758459017815
72.83749657464091,1,0.29643762516324457,0.8165633294540459
44.12227484805581,1,0.9453945062511162,0.3864827029944141
87.66781387517028,0,0.5070462129669179,0.8862104055106454
52.745763007255896,1,0.3643518799981412,0.3781577956321234
74.47709278167541,1,0.40431211561367186,0.2711929358043095
82.0505943858604,1,0.4518222834325363,0.6098926265575995
74.93528616990059,1,0.867830390113971,0.35590175481480335
28.785487604815398,1,0.9623358656801378,0.6224075599225856
11.784390090583107,0,0.8441646397402306,0.4096840750452244
23.833852936206014,1,0.8416567634189485,0.795769139626882
50.28749369803533,1,0.1990151109554612,0.9543109733739132
50.52769222930959,1,0.26867807176225533,0.2703091788714289
58.264434931453756,1,0.5960491805580991,0.5100100842442815
39.51018375478908,1,0.6561374134413109,0.7244324353025886
78.68913814500277,1,0.2027053734460813,0.15851909520714969
91.31537503472077,0,0.7462818727465174,0.7959061480773684
24.672505347947126,1,0.19996355291958678,0.5829719616454273
73.6523217701888,1,0.2630106465894142,0.14974052391208148
67.79718525450447,1,0.30679553798161063,0.8682295868040875
52.3090499279315,0,0.8459914164903171,0.4267012595258094
18.853023387416023,1,0.7320838968708833,0.17661934592464879
79.52322585827095,0,0.5306854357241814,0.19539636433865037
96.06262856288326,1,0.8197492981348952,0.785506399766325
72.18363322336134,1,0.8129282473359235,0.9357161605849783
91.7859996625734,0,0.3898330959487234,0.37824992225414933
98.41852649479998,1,0.7814372874874199,0.07882807530723279
35.20506742392382,1,0.20624277200165753,0.10082307945385738
63.822355292633695,0,0.5032288499555093,0.654478509193851
47.3932737638078,1,0.11824173038867036,0.3707517105896756
98.66287468632301,1,0.426794485591258,0.4261314973457936
9.380782400772492,0,0.5203657697671906,0.3370473781484389
41.23749142972246,1,0.07991835791607027,0.4655385659895781
87.55390445272361,1,0.4626127617317499,0.6435494528800647
28.405131052651544,0,0.651670542960133,0.5411391639047859
78.77928506388727,0,0.6140882347447378,0.16424142415147758
38.27831627802557,1,0.054353887891056996,0.491288651943804
97.99785398901582,1,0.09533968590820108,0.46061305910634154
88.35298364237076,1,0.35135624595514103,0.545737248053641
30.132035766261534,1,0.8426857229161057,0.11067003104038386
77.01931135378551,1,0.8697560531673625,0.1535271230427352
33.68565438332687,1,0.309612869707926,0.5302441781079469
60.63628402155351,1,0.7188920852414564,0.27543504254963336
65.8480768393292,1,0.5773905923516431,0.629031688711347
82.95954090857049,1,0.9834222587594326,0.3727513826791602
2.445084088201488,1,0.09464391228969171,0.22073474766543577
22.015789115229968,1,0.5478807422402548,0.6563947883273283
71.19178105885787,1,0.5925376488712538,0.39390766964251445
56.35232369695373,0,0.3076685709511161,0.1576124705097246
49.56050782011431,1,0.046953247491470784,0.80880897927029
5.520995670798046,1,0.052104535687826026,0.43175871194061444
34.827588346145625,0,0.45361805420063817,0.9150703397226435
86.51002319106483,0,0.6924737894439191,0.19340092851540247
3.0892837036032184,1,0.7001757858031274,0.8763502346064732
39.64362353648121,1,0.18096984972182417,0.8159099706990691
94.51482876707726,1,0.8579721410057863,0.10391582408823086
5.088073454501463,1,0.3771624259697449,0.5316813156503174
74.97057510446368,1,0.9643679019724178,0.6536828601464468
25.761261618203648,1,0.11815963442563682,0.49548219472725497
86.66088321536725,0,0.8364546986354818,0.3902630841859357
74.60679789593651,1,0.9083381532454478,0.9438421273637037
88.57051708583629,0,0.8226755261437314,0.7008208597422195
21.592479043126602,1,0.808841141199684,0.9658698775644909
53.129275481860496,1,0.361310015404945,0.8462303108531916
77.92699435748007,1,0.713343106720973,0.8171313982161558
24.5699742994981,1,0.5793465660113004,0.7256322903000096
23.074630526721695,1,0.4244791314312184,0.6460792421452668
2.7182133497585026,0,0.9931116960536798,0.8868620911123618
95.85152939754524,0,0.2904547181451199,0.6134097726630633
71.00168800546234,0,0.4131440221877841,0.07528840092519162
63.556035401018484,0,0.9028610373381174,0.5825635189933015
74.39947226949909,1,0.28900827909627413,0.1028351515867747
53.16129186954394,1,0.15268114212853778,0.9493010701224266
47.613382109041034,1,0.30999974966948507,0.6466689761012863
44.95322411235209,1,0.759311677101791,0.5556462834133568
64.04392121036413,0,0.859854009702266,0.19782113273308777
20.15349753923832,0,0.1144449876223611,0.5157670498747804
88.80586950148697,1,0.6217126810748266,0.3425310038293422
81.17523712192651,1,0.5672869055947429,0.6753861680086409
34.95636114520339,1,0.6687977855133651,0.6044097974593572
57.860929681252436,0,0.671056371126796,0.49930709000705864
14.10272999500146,1,0.9594674702665283,0.25274100144435085
97.2346247933598,1,0.3465292084267393,0.5257431304011215
90.28926876302835,1,0.2997669217357788,0.4616968857452247
92.18975064992004,0,0.5812252858218252,0.8512658774623256
33.21630477034516,0,0.42941845923866173,0.894337341362785
16.913470738285575,1,0.4737542723125783,0.7592491541084093
21.177216346631035,1,0.06927699350449279,0.3196399566123109
9.000139104508985,1,0.14824217695359299,0.03808951041815367
12.011063010138434,1,0.9353749365928619,0.9253359592438786
7.130453418484539,1,0.06829145167012174,0.9920122516586692
98.98230692048735,1,0.5901455926806208,0.12702076232250803
7.405768336907359,1,0.7545750290178902,0.6856160237832024
13.254208095141362,1,0.011863528440827498,0.42514653548972037
82.72545955907364,1,0.22274814793338482,0.14852040483907947
58.02402167429431,1,0.3770720308493868,0.998101310965567
77.44172045693324,1,0.5068174470686685,0.9332288544617742
63.0912007772655,1,0.3415952947556604,0.9826088762827137
88.2175070328948,1,0.64899925814905,0.14389625437014508
63.846752776474055,1,0.22639751725071267,0.4919245253229946
52.21250929031509,1,0.025482936429019,0.8957741633213641
71.27496937612997,1,0.0015710508182541494,0.6751584457790407
44.73927517921095,1,0.3455120119496342,0.4346018032915837
34.60638229047347,1,0.36166279919424715,0.5166942408795777
46.76524524502125,1,0.9486041173865439,0.038601604701056225
16.971410509856067,1,0.0447807125202363,0.6115171768142922
79.65717298026914,1,0.5300650601351811,0.859715516700262
26.070378133594463,1,0.5778133142638463,0.0027936265412819017
15.353154633704747,0,0.6992750118977196,0.15996467764772404
24.63522417832268,1,0.6387346001406605,0.5179901220053216
84.20701517722398,1,0.008139493723942848,0.5609643260208658
33.02012955977314,1,0.6318576734090117,0.343352345166426
68.60498695059002,1,0.3223879396997321,0.027934479994540795
85.64096306557393,1,0.7728689613478019,0.7436000955498389
7.774466692504212,1,0.1883653861356991,0.24292511824514296
76.50244051780429,1,0.7162056519771793,0.6445773019008013
30.766546637903,1,0.625495333689061,0.5591467410776473
21.66223641840427,1,0.6522908853274749,0.4308380824599254
68.89014524529722,1,0.17594768708755426,0.590289503278365
90.97966227332338,1,0.6691740013324623,0.6950387439706619
29.50192087123954,1,0.7369784086419149,0.572244317945962
56.88338053843191,1,0.4894102612378056,0.5575254321026822
28.983411384949154,0,0.3403656829875452,0.43607774685708667
55.42855857264279,1,0.16655484928817588,0.43003452247211527
62.18620306543406,0,0.28996052511074055,0.4909659850294138
61.03353887901798,1,0.763828362452521,0.45207791215603976
62.35463696427459,1,0.40940072454625576,0.4390245843070142
13.507979221752409,1,0.7027132419932576,0.2103700712104135
69.35404695867196,1,0.7400913249984867,0.7248379210555691
67.47503563802233,1,0.6741702241242896,0.1329524689095044
68.25881222168832,1,0.6735384236829485,0.908710422668323
7.407055273870633,1,0.6108082043260515,0.6248462107721586
44.683884241415264,1,0.5184219787137135,0.04890067912327478
40.903513204572974,1,0.19781668687026976,0.6589986997482541
8.671148364319913,1,0.8428033869218502,0.3615142615058172
22.23679278968107,0,0.9642641724875953,0.9297648443806453
44.09626317980367,0,0.4664840656001663,0.936075486489708
74.29063098580822,1,0.9332387558846558,0.8459283818528465
23.70620769846632,0,0.9979945377232834,0.5678489019739521
82.97499101249115,1,0.4861959125858206,0.9191776913052113
54.579828573946344,0,0.7243553737499681,0.6498081890728588
76.04216851846175,1,0.6437903382505226,0.8751290554711104
47.25559833368571,0,0.23726481600074723,0.16005319927114237
49.919422542222335,0,0.04708944375431878,0.9041803134312038
61.97193893796402,1,0.4533553111744568,0.6615906945654674
92.79706081658242,1,0.7872049973962723,0.30327392313872303
49.181258141290996,1,0.32513466268969693,0.9978135271809002
52.8657538108291,1,0.7844387211931844,0.6868839673544731
60.19969635275295,0,0.6548016819629555,0.9084160580207288
73.75151372977258,1,0.6955413518175873,0.005585520977017477
7.185033548623432,1,0.28574088837739,0.5523384095491858
51.56874385219721,0,0.4700473828430469,0.712532623572703
48.15915892060435,1,0.18170380002521713,0.013736889118711404
92.16849842375704,1,0.2465805280797264,0.7625592251228497
49.35065804363411,1,0.08985004309241518,0.6514481931676469
46.8320534694331,1,0.12677340629620804,0.2747596535926964
96.2199988534702,1,0.21051347929583653,0.6889449463477486
45.05764636008816,0,0.580234211375837,0.13090103899694383
18.088443032209035,1,0.4412111195476398,0.8240371987688065
21.69161228057883,1,0.26693951256556203,0.866225117258504
9.518753833697414,0,0.8611124468976891,0.48547693027849725
0.05681292589444498,0,0.5251476913419861,0.5074421679483215
43.19456610004819,1,0.9231094736357937,0.4020543608663515
76.92425812982215,1,0.6349649622775677,0.3453339852037999
73.3466442799836,1,0.01578759652871664,0.8728982788534476
3.2149087802850196,1,0.9134756910156951,0.3048731757875396
56.99829035940329,1,0.8574633356808263,0.40285001185439173
15.4283125413476,1,0.6352712227808992,0.29991629644451234
94.10762847646973,1,0.534773555730818,0.6567127607927264
16.736499964417927,1,0.45292607331858503,0.8142183311115826
62.66392176974816,0,0.4821748457668317,0.16433582694414128
32.62383621640568,0,0.7692206408423498,0.2547425158952318
64.15613259643523,1,0.5131416023586858,0.10410770852874418
41.225859646407514,0,0.17602469870244064,0.16018395702689214
75.96430523063947,1,0.05817756717299272,0.4068816244557152
23.067912532785783,1,0.12618627628651247,0.7758762897091389
90.57918529142601,1,0.25144110883738613,0.5416179349689149
50.02096493133521,1,0.36773412143970663,0.05327627788716338
75.60931477128528,1,0.8924160121752087,0.6250867496839783
84.9730191401227,0,0.239087232199668,0.79530416888832
99.8828610954805,1,0.3195985580025348,0.393467801576563
22.394566559395823,0,0.22301453952677386,0.24501260137216652
28.689241356345484,1,0.5457418187061334,0.7639377281970877
25.043308673188825,0,0.6170866962944869,0.023906238960925474
26.287133215978265,0,0.5321275318971607,0.8155910244157336
58.244474153937745,0,0.9518566512169402,0.8042595815441999
99.3522523145843,1,0.9953780176541243,0.8879859306942076
99.02780870927545,0,0.8373959898055633,0.08947994062362463
52.67732313623077,1,0.8052961448903022,0.10775848190462489
63.90272102646738,1,0.36605277674960857,0.8727528239271435
85.9970543701606,1,0.5797835061619984,0.47526276716219884
93.29334584535052,1,0.35147241894888515,0.39233850741086496
20.38606273295439,0,0.7843558461737393,0.5732935651303658
52.85417289424529,1,0.171831139091836,0.05858307015644004
83.28370546615122,1,0.21667171429464305,0.6437161698960808
30.320207663459165,1,0.03869407087030885,0.945083153589398
43.98090424804667,1,0.6089396733379924,0.6757198941670518
98.5621101512008,1,0.688538258788957,0.46453511230918354
98.5046696720871,1,0.003362286231378797,0.9608809886114886
90.61068107651816,0,0.5107857639942506,0.6885164139034134
79.84483448280577,1,0.3768745384897739,0.05696043571006648
26.913050072280576,0,0.7923807818187677,0.6700465318131316
32.085007406718745,1,0.038890745998643395,0.059695862752942586
54.72828412048747,1,0.048565688818078545,0.307229882789968
56.07773745620121,0,0.6202090987258799,0.6156834804027174
50.5502819357067,0,0.591638854579764,0.21561601618686344
63.66702799163061,1,0.8310900229980103,0.0381891845942991
40.83230226329888,1,0.5922668891573611,0.6179536887798869
74.91741573155329,1,0.9493708285915013,0.28585728288301104
33.35499264783554,1,0.3143846422344221,0.5329642243391982
33.06769969463525,1,0.3979214064048002,0.2611455789046211
12.7225961891828,1,0.9776746665029166,0.6864288469288122
18.871221002891925,0,0.10752424337177813,0.895701391159704
85.05208789213576,1,0.7959048531962796,0.08656480279564194
44.628233858044155,1,0.011568714660440294,0.7863186854547586
22.786778655283378,1,0.4865132494033523,0.15609505512034905
75.93411000223874,1,0.15340233736867448,0.32940978717931113
55.39811258168594,0,0.598861703728065,0.3573652958249568
2.1156011423293486,0,0.798169969707828,0.20630998901826092
31.636145733671516,0,0.03304230235068728,0.07523434086303749
17.700141112134105,0,0.16377272659174524,0.7684864802628129
65.58728609828405,1,0.34261038116190246,0.7936275392732756
27.503104063025287,0,0.25579896585567397,0.9968332903780237
6.494677920994363,1,0.3832198898062551,0.9346042489953271
5.493498919766926,1,0.9518682998174518,0.4346424233848224
58.17272979587149,1,0.10120612744024049,0.1333880145417733
2.1723455704089623,1,0.4232821086657721,0.010700008019525198
84.87921131360888,1,0.45709137160758284,0.5315175384971502
15.539711925727563,1,0.2803420518291627,0.8605664108328479
60.65663351954298,1,0.2785065576875697,0.2679037395805204
44.46880280107457,1,0.7147521617493207,0.19894136798806916
44.28515212319025,1,0.6178438426509827,0.4389533717708223
7.179714236004586,1,0.8128320197331531,0.8935328009522343
80.27522502122156,1,0.4050732224780522,0.4516738317704446
89.30524847532526,1,0.606711026979673,0.7227129059977144
1.1016667384228462,1,0.8935881406825845,0.4625262101746933
17.86041756971177,1,0.8513284717163855,0.3729588814429442
90.39041887954788,1,0.9200233924999589,0.44091205449614246
54.94936128000582,1,0.2689750225282249,0.7684005326733794
15.003957824821013,1,0.9854211845321202,0.7544060558780097
20.279045260915886,1,0.8163899154714166,0.43175817861540033
65.99862442371142,1,0.7948078060413033,0.2676174254286655
72.4816822246873,1,0.6675786009586593,0.13912703908374524
59.94268085799352,0,0.9832679733720654,0.0013696943752317114
95.31483799125257,1,0.4415632280464804,0.1132575830732897
49.4063603661777,1,0.7415393047624107,0.164655265191898
30.027191214252667,1,0.6988112879885214,0.6899377909810886
47.723290997579646,1,0.7320889064470656,0.8179158769287559
35.966629366661095,1,0.7514648141692567,0.7369456662312089
22.441589267468633,1,0.19075589112121338,0.7232327672023553
4.596324934014007,0,0.3490514697024023,0.9943206147241189
35.221249356512416,0,0.3922539958259049,0.9625977393209906
71.14093477097423,1,0.7479998139799621,0.2688471951292366
1.843780287519381,1,0.7162479757193043,0.14510074954835672
43.91785132059347,1,0.8333662052357192,0.1532982379356882
64.40094014498683,0,0.7885191578903361,0.8956066707112827
61.04041091743072,1,0.5960338793894108,0.10234684795578419
77.66484358887159,1,0.1399484864874425,0.3401441688814204
81.05197156597976,1,0.6354552592323651,0.5303465284210724
71.17058209193878,1,0.8870592836374791,0.6134505036831875
10.279769614474944,1,0.6431743633897312,0.5957326378148747
47.50224440043607,1,0.8956264285777417,0.7864077221399248
60.34059574876086,1,0.9990530181368994,0.571693263542767
24.55660388094516,0,0.35920223302353294,0.8510465393314273
4.255181764677651,0,0.723289694347851,0.08463022407218479
22.359032087604692,1,0.5399586326005054,0.858965453560144
45.48944017326389,1,0.45497180070816556,0.5900031607770035
41.393031905460084,1,0.23986707869246116,0.22293256585035048
17.666698132716164,1,0.24591459599593102,0.9777431886978666
82.44155426834928,1,0.18497228675997102,0.9397342737288298
92.56866687367246,1,0.6314835064989415,0.8457258216737115
20.134831905271522,1,0.14205309664310306,0.9115961356134713
92.95729155672217,1,0.43138646981705076,0.3821417210453065
1.7860959175180824,1,0.5233332392721941,0.22780487244958947
92.49624727069454,1,0.4382344771889698,0.1829038616592319
95.19287900809078,1,0.8549295134739165,0.8737599685109173
1.2051863015925202,1,0.4431693597938603,0.8266313489010867
76.3019296776748,0,0.0828320929643026,0.9809383833349374
97.02015725698433,1,0.9921995411726473,0.848252101454097
90.59022188177784,1,0.8449835910602127,0.6323659139264902
97.0710161196213,1,0.6600434854059998,0.14228175087155004
55.032350569763935,0,0.7563236208086075,0.16484753835423038
7.815613988538828,1,0.1281906997548441,0.4736995267963757
84.97891978050362,1,0.7659147941031748,0.7677955311443656
61.382825580901155,1,0.20774894171209513,0.17327539017775218
61.47367441882891,1,0.48897612957397574,0.9155175079288526
41.72536098586862,0,0.17798278932428357,0.6837907304868559
57.18419765211091,1,0.7537849643321918,0.3123090904464195
15.357977908611453,1,0.2459338805124469,0.8857595921605502
73.97700265661503,0,0.25320841849169273,0.5986303681809407
7.501730735154233,1,0.10922234934029906,0.7331584820251265
72.9780767043792,1,0.7206064569638717,0.3854422062555577
84.8978422624854,0,0.29584463078087786,0.3935505393133275
47.24686775644882,1,0.5182800132019674,0.012617570481470386
50.98303660570493,1,0.33224355736703926,0.5379020227550093
31.221427292207828,1,0.7747012588222333,0.7607968058338668
96.94585837255876,1,0.22648365649400126,0.9688245135866038
73.31244745595453,0,0.9408345000463917,0.8922268367082375
36.89885533003449,1,0.32133997488970767,0.08699109135275496
17.480738623300507,1,0.10385162129075065,0.9805201203568085
21.957959220209133,0,0.24030523281493243,0.14948068900085054
46.392228611005,1,0.0739409290671752,0.041114298392083026
94.25684003143378,0,0.4687387309924248,0.7489298354682253
73.41463457609181,1,0.25025122072346895,0.9058864503291513
21.524374817914982,1,0.8860460444448763,0.9497829060251897
85.9561133418898,1,0.5171286202201464,0.824976107766212
37.82005230096811,1,0.2333684487292863,0.20490621571138046
85.17221827525186,0,0.4512703299049414,0.15400291449441106
24.169959798113094,1,0.1959942721404243,0.05896847757145285
61.86606119363176,1,0.17872937592491844,0.5819690798941232
92.6670488081282,1,0.300656470133444,0.48722117616304106
25.789400914779414,1,0.10830146476894675,0.10928360843637153
69.2926590585855,0,0.18864753691089065,0.4648271186715629
98.73126199571438,0,0.9380468729954219,0.5673235905344871
15.05982872430035,0,0.6668026346974619,0.7229546435104984
8.84022907006744,0,0.9211026634572657,0.4141975700334207
67.41951924448162,0,0.25684694146778375,0.3183524470784397
33.973594774903034,1,0.8570133358009238,0.6656791981541298
7.124447736659112,1,0.3622728068539839,0.6842236430455453
47.530561788360416,1,0.14419498112248563,0.2704285566698187
75.37706796439558,1,0.8047071000041969,0.0198230822371267
28.512240041518876,1,0.059650131862750144,0.9456905697425194
33.504687750513476,1,0.40485283893496626,0.7552864064591722
84.5699400646972,1,0.8193146685116435,0.20110433446335396
52.007191226148805,1,0.6171849254465093,0.565665650993865
84.2731968806472,1,0.5180656953996932,0.5949475306760694
44.638949214370946,1,0.35363392150358075,0.12598863199567922
95.29751615601035,1,0.07505583038802022,0.19165708733955822
65.07945897177368,1,0.9909719860358988,0.9567065164637879
11.589886531924943,1,0.17477372672504843,0.5080108600208977
88.50929882268007,1,0.2553084749760438,0.19144221939347605
48.926519083079775,1,0.23591576249461776,0.7975747540940085
14.163896797290498,0,0.9079414066857031,0.47057330253347274
15.269013384142072,0,0.7636883927235304,0.6384120832726937
68.75339351098718,1,0.4573297994393366,0.2975015336385789
4.737250672948978,0,0.9554230339518591,0.05790409825628051
28.659376491381327,1,0.052783380786441736,0.16494422356404426
13.978759046986811,0,0.8936703812216521,0.973036903145985
44.10774296172843,1,0.06042733568815917,0.6235884358282154
41.43537719943613,0,0.39113069593456373,0.8310851985744055
52.18764346888559,1,0.05400487837648971,0.02151955792381921
27.963632910253022,1,0.9989689917576853,0.7654625011543671
3.2043589378177195,0,0.9143895025006017,0.48495206654186385
61.43861065351858,0,0.5847989552462312,0.6653078768711973
37.371800288235136,1,0.21784457399824553,0.3582050403407748
65.13349987400464,1,0.27677772519746924,0.6208688268188903
10.866697080426846,1,0.4495433660571203,0.035619767787757994
1.377735529405033,1,0.32278018249234575,0.04558871253671082
24.829424788529273,1,0.021313905434940716,0.7988364099051478
45.65473229940522,0,0.6562560081171346,0.1244652678004402
39.40719741684673,1,0.6134279040933013,0.01398393458613656
81.03025552734664,1,0.9043107032188408,0.9124564896366533
37.78376441928239,0,0.4768540401054504,0.2655317627435374
53.044117960307894,1,0.34470896179838784,0.5823821632964383
59.35155924421922,1,0.5115171829177669,0.8389169705385048
2.1831391645811604,0,0.19469499089583964,0.7459070794254287
51.5133376846189,0,0.6255403518247864,0.04662782081093331
34.483125939883784,0,0.7700328827901616,0.5609487008588433
42.12801276832546,0,0.15346171337569214,0.5417978670954396
10.028739849525026,0,0.3183832176353292,0.3500801782104621
78.28205656486452,1,0.8678009793663987,0.7535629813683515
94.24042508085225,0,0.5055317486338219,0.9640056579755196
2.2268820629600006,1,0.5318366466775467,0.147186653935914
60.13727628113479,1,0.7224081970533516,0.14522400374436217
76.38440672883581,1,0.5778928152213265,0.7347360194608691
28.480758864988942,1,0.06957976807381916,0.4544164101662782
78.75555848632168,0,0.8039617118630358,0.795218930579716
63.235505076630126,0,0.9228360372484677,0.1410776096470706
92.916263227107,0,0.05327723299081222,0.0398575441422101
98.10048113537728,1,0.12124975645755098,0.697934074851641
4.234611399870481,1,0.7019752022074804,0.9947110529541103
44.49377610270062,1,0.6044739325145255,0.09479821029570057
54.69877875782182,1,0.38251699897174585,0.8643378894504699
14.674323320765248,1,0.5392486489403714,0.3852897407734147
33.62858304273617,0,0.7033385680010588,0.016789545293107166
98.76474477564618,1,0.5044764618809293,0.5100217929712108
1.6230456342471444,0,0.14018832463564923,0.2788542071248199
45.250793152438405,1,0.08943602913329018,0.6934031415201802
84.26546217181962,1,0.4388587351883817,0.28783062243509194
32.39012627192884,0,0.9228847578488337,0.48170012343304613
47.97985027551533,1,0.5577791747084938,0.20056525134418923
97.804574578798,1,0.3582200690178491,0.8281017580435603
47.48768364757039,0,0.9087061695210354,0.925431461868108
13.092131214649905,1,0.3886321561789381,0.40333575421646384
5.172149166639106,1,0.5091464809343752,0.4488800325679825
94.54165724399485,0,0.1164993306287212,0.9826836732115319
26.58094132750657,0,0.7374009455193812,0.1421154767246634
50.40639065645509,0,0.7003029571437156,0.8086195145900387
9.07017660899686,0,0.794243992859329,0.5672786058502413
42.365512055060506,1,0.3251913134277634,0.880734420904188
93.01055192501241,1,0.4360532190661919,0.29242854482691194
50.24129936309384,1,0.16834171152719835,0.2961579662203433
97.1135151802328,1,0.9645048760964994,0.32581994805540704
25.883563723739968,1,0.08607734740788264,0.016631082322955404
50.454523970393716,1,0.6490133036748073,0.16989289907805827
85.95307918093252,1,0.7052573945651862,0.9945866411198251
44.82523545537438,0,0.15773647365097965,0.24894857378393254
27.94873735701896,1,0.36532320583048983,0.019917097760639102
85.54753634178816,1,0.043126566762483276,0.27854031403849566
38.9889468872609,1,0.556608257586641,0.4083901679845867
53.07232910602341,1,0.9949381428236241,0.5477872792823836
97.65270664151457,0,0.4298849568221589,0.06856601986542643
18.64832947558639,1,0.9900082203729365,0.790428919704766
30.14006367201857,0,0.1262254238089625,0.8255012681970576
3.106960006983994,1,0.3924543432677957,0.21316057887170137
39.183770991005275,1,0.9019649700484719,0.7984181882349786
20.018343058485954,1,0.8766954816574721,0.3614269074412566
68.00349354078914,1,0.3235915778697842,0.4231101778826344
18.132145876585238,0,0.6786105837683316,0.9363882543140165
67.48127524058697,1,0.8861601715577907,0.8919043909600172
26.347542818931768,1,0.7668774661532277,0.37511071319048905
35.52178341211998,1,0.6284761969329175,0.4881103057226026
34.88606520463975,0,0.15257561456002255,0.2865237880329925
71.67517501636094,0,0.07300269257056347,0.5154342583486617
46.650926313834304,1,0.614622179816561,0.6819079028349431
36.129889885268305,1,0.5002756656891081,0.09266769727563151
85.26227190394499,1,0.23803665973148436,0.9198411261756897
57.19506256412027,1,0.29276979495902467,0.7188739681446799
21.38308212779978,1,0.39208717720141006,0.09675268316157215
90.00912781436826,1,0.49552085212250563,0.8689889919788425
34.26502960336406,0,0.3902589690884125,0.7436828662428322
3.897937753732039,1,0.3872916720859666,0.3131268168327488
49.46002239744529,1,0.11573281131135293,0.5214330882978779
12.39380544408778,0,0.8655904182553432,0.8601306591896659
23.846644371574254,0,0.6091540817780943,0.9681256230902787
74.71108726874111,1,0.14610218460201185,0.28107739594763237
13.075181337631857,0,0.42387440287793576,0.6505581823273245
80.69442243540357,1,0.4167159120295455,0.8602469239927607
93.69072881309538,0,0.6006208784891227,0.988166848842945
60.65321004079447,0,0.6088696178493316,0.07071848864631214
71.03591920228293,0,0.6452221369797624,0.5036219658208284
71.35866099074174,1,0.6979030573438074,0.873665761839482
99.28079572704449,1,0.10335404612901644,0.00315812429952822
34.15382622016229,1,0.30492220057281205,0.4372352196054431
16.28565512427025,0,0.017347819172672363,0.5841987241196327
51.91672349143215,1,0.45464151208038295,0.5264903085566143
53.324980983170825,1,0.4294300778302873,0.7327726863342482
17.791248829614446,1,0.7343269301794787,0.06552208695398098
61.31094189941395,1,0.16711694660786114,0.7854167235858431
1.412473347682397,1,0.6314944571255109,0.2831705361334834
92.76684024542216,1,0.3066941979301522,0.8242293865239556
26.457427782126164,1,0.38191647480969915,0.41948792677925895
3.956020839019181,1,0.7192868623714541,0.0429185918029964
10.824944147485704,0,0.07154804857357533,0.9639147656713813
24.02489482796417,1,0.3427828889311625,0.7805492904970468
27.39061686060452,1,0.39132323013965187,0.34781603228234936
3.280999949772867,0,0.7157493118516688,0.27002736821836315
27.935481219372914,1,0.19922441507070066,0.5889637284500542
19.294173649348213,1,0.9474129936904631,0.9872946028239112
37.86209274345186,0,0.9977619527941581,0.2901668241797477
38.51677373559692,1,0.8189101408200553,0.9482711167461528
33.90077406028791,1,0.2997125014635281,0.330387119618589
32.7923883530704,1,0.6638666540728546,0.7040977652577999
8.973127774125123,1,0.08314803169793306,0.3817343577920398
2.520494712616217,1,0.8712793157065106,0.08505222400864876
20.21143001564666,1,0.5159928712602737,0.9361893656132889
75.66494274166153,1,0.17643916631978573,0.16392799471659592
99.08097655511222,0,0.32741655956170257,0.9446914679975986
92.85261750573291,1,0.8007427444879748,0.10330682592885498
50.42193555377686,1,0.8702267674270464,0.2669474449564988
53.182385577793426,1,0.5197133869344235,0.9209234986945555
31.458156903584257,0,0.48031150031067316,0.6585408629075731
77.39394386376563,0,0.7507347465532593,0.18948343584169558
76.47566879326486,1,0.8261896225185549,0.5920933114552815
84.42723575824445,0,0.7648468123958205,0.18039120803555397
89.55045771968844,1,0.3844280502342077,0.8744420676703418
43.434924822529574,1,0.6419257616093194,0.04982860733852257
76.68755681071976,1,0.8573599082709277,0.5297776977774984
80.63987287958786,0,0.15176063404741957,0.06347302582946257
30.845962249775017,1,0.38813668511496313,0.6950227510676252
92.924224400615,1,0.0566188838752647,0.9357972351936673
9.434150263965545,1,0.4088772856873999,0.8310664496716534
99.42691791632828,1,0.7722820839186489,0.37172782515263514
77.00907181588694,1,0.19702844342558745,0.23690490547975918
9.327090532432724,1,0.5418871511243837,0.12102749238688304
65.62296481050006,1,0.03658573342182714,0.873623987382533
3.4179410928260157,1,0.8976499907316582,0.08110912904741241
77.01869494441829,1,0.8200046949004514,0.6288291915777666
79.92229216590553,1,0.5244091917870659,0.36726746949670697
60.24102530914477,1,0.7057869959719498,0.9957783183709641
85.68603919165704,1,0.1039161648688589,0.508823313518345
9.78832802148597,1,0.8452094963973705,0.548790949703411
27.59238420408132,1,0.7152615310717714,0.9178887850148512
41.41775215926705,0,0.1199673967250805,0.9696369032508226
4.245795282809828,0,0.9806892851187775,0.5836364610945396
44.821608757116614,1,0.022530444206446676,0.79618207474235
26.521345611256596,1,0.6285108625927736,0.6347667491084464
39.2735012101753,1,0.17175499674081673,0.42740046399361864
42.51026319923065,1,0.7192576492195367,0.05731535727469683
87.94117334876852,1,0.07040625396877898,0.7177438735417834
27.034097052763904,1,0.08110088284311612,0.7002627723606492
89.37431287162721,1,0.4662917405631323,0.11670230668872528
42.59709648128492,0,0.9940094654019129,0.23006887495636574
32.7807720693986,1,0.2765162397706512,0.7321281868747055
50.2512049335146,0,0.6125281607565226,0.1497119775945398
41.77432863628396,1,0.5185990743742355,0.6909350344327367
25.73723130551461,1,0.8421196096504375,0.7179771912048775
50.26793247960669,1,0.2885896077051602,0.3533438559399261
15.180173307883127,1,0.5549443807114862,0.25818184977942704
35.19299430229661,1,0.9506235151051808,0.37303941110361316
56.57902193740906,0,0.33258580833605755,0.359196621392894
41.340824438985855,0,0.43940558131018104,0.6070198057045824
82.39123610507964,1,0.8888133145036714,0.7438482997188635
25.672176153516624,1,0.3324988572344578,0.8617526348503638
96.977157883101,1,0.3806737646338155,0.029992284002114067
78.47220208513514,0,0.30411880887769827,0.7265515573693695
96.75930259974722,1,0.8095313753250729,0.31418601828916026
83.81365548303042,1,0.9303869704377798,0.8386420107104718
14.210392585164266,1,0.6310988806669057,0.07571695974101122
52.646009063501374,0,0.6236301312596525,0.5511745101730665
16.99785211957857,1,0.3900036197131751,0.5486735897540134
81.82273526272573,0,0.012483749571496672,0.3265114621752283
58.41621491832959,1,0.1739375988235733,0.9703065973533652
26.344931435690576,0,0.14743835459023447,0.10692315116868756
92.95989720071714,1,0.11588200281303673,0.13639723353492228
11.518605331426068,1,0.6540473160533953,0.6442595981882752
56.3862403471314,0,0.13634895237379763,0.5142992246436532
72.10405546667255,1,0.08563395253671924,0.2644671285520468
5.884853733243178,1,0.3825815065618582,0.30427179645744185
59.78560332062036,1,0.24902266296789854,0.1570233087088193
81.59012154630942,1,0.14586054563588224,0.8677641389118732
6.752731441805338,0,0.146127875558568,0.5695188731396904
51.22429711066271,1,0.2562057067827658,0.24483457615383164
25.855717814874,1,0.5368497633760414,0.3934207577093428
66.29244515369209,1,0.7580956000912513,0.9066850543048831
11.867736707884491,1,0.8527766432521394,0.886841161653063
93.70514306705068,1,0.7514178497388502,0.06910669111320777
89.47285817147318,0,0.6282132597041707,0.6541001382797029
18.597441987570917,1,0.9076245775194832,0.1529711709697238
32.32658843651046,1,0.5197368027342506,0.21088336554825715
58.763497465304305,1,0.6333568408536914,0.8642075922464163
71.80623366342505,1,0.4116205503318684,0.895190317475958
44.26560151602582,0,0.32738420088074605,0.08269191589394853
15.629132196097506,0,0.3317117794612534,0.8739233294786937
10.415149380287158,1,0.14831728171229275,0.7284935528432246
99.97653369143438,1,0.7965976506738514,0.7757103632666991
45.535212144348726,1,0.05536808433354379,0.7918153276458105
87.25317491484982,1,0.67468524376452,0.5072332717379955
48.237600462911445,1,0.8644601928370358,0.9469076429882016
92.23576385460032,1,0.4974283469853672,0.20035960398059527
8.77593827715506,0,0.07020078184155021,0.504965107517543
11.401919133455095,1,0.4284174616368909,0.3185525798884046
92.96321877242242,1,0.34322660288234985,0.8224312428025075
94.74930450447849,0,0.9855393192994307,0.08270071212877739
31.471744746536334,0,0.6912652016189443,0.4336784869242679
35.51648869938718,0,0.7213598048289199,0.7734776562453295
45.2450234834758,0,0.515826918962231,0.31234091155773946
41.61616800672908,1,0.7094142544420965,0.24047628427044876
19.004521595959666,0,0.7225709767221682,0.26254915479489616
89.83753839393745,1,0.06635888074610485,0.7135901074065453
25.330760070564374,0,0.22260652447727036,0.2867826758388309
70.52724094776515,0,0.012967555428886057,0.4026835454629799
6.7155677734972885,1,0.5098074059285719,0.5456680874391777
3.8751331528429467,0,0.8757998548360265,0.9407600789466919
65.37304725769206,1,0.6095545346953284,0.794347559886929
33.90158575732604,1,0.5002075278077094,0.18528166422401726
65.54593927200013,0,0.9259658476106399,0.8830842325344357
9.402120216883036,0,0.1722185110217539,0.8447674331852035
94.98513799158633,1,0.0746043081576857,0.7452245195548688
74.85144668930954,1,0.9173057364097177,0.5169059747719448
87.62672330257992,1,0.9027817549188133,0.06981495525731118
13.647055404451091,1,0.6829724862129495,0.7115052413891659
32.016096889286935,1,0.24597916209605197,0.5183421704228265
36.83441642063441,1,0.9697640247043707,0.30977492581795596
53.717264832681856,1,0.7653463518038267,0.00993800001827383
29.68684855074143,1,0.6738945835846691,0.23104898077634883
6.063074218940512,0,0.22291132401544778,0.6056901775793923
36.88783807374707,1,0.5130891716331156,0.11230658633195623
25.454931462728215,1,0.8225762412969998,0.6554187066117123
38.59212914632148,1,0.860260224732286,0.8196720888220118
19.695954262002623,1,0.561430115801268,0.3181783407362515
26.189637456473548,1,0.5227938437192642,0.08198553945496423
62.695234043226876,0,0.6976838283076405,0.13969879042621847
38.815383457806504,1,0.5282488443124729,0.35790893253490497
34.538339316949205,1,0.4176810380656609,0.8134342527584275
53.39056327223729,1,0.08541901142438868,0.6342787197127552
77.18605408439258,1,0.12604967571558012,0.867887648096185
37.886795634795725,1,0.7602754682006674,0.9944271126311246
58.75194925558406,1,0.024664064624268067,0.2025662028991594
96.62026253681762,1,0.05230502579760865,0.6948214362367935
52.19801141180507,0,0.9046435780864176,0.46651670006293666
90.97975765175444,1,0.7039971134546849,0.49347806094682034
79.36726242564269,1,0.0042127219141461225,0.32558140356080445
5.871868165014971,1,0.3120433743548727,0.34251221499941054
42.90988714692568,0,0.7633184605955448,0.6762819483977675
69.8318407868588,1,0.41760079997725563,0.6208029171960167
98.67119124482,1,0.46879782285811167,0.31850357062743295
45.837629116151255,1,0.4587990610460554,0.11858091881908583
9.278545412673944,0,0.20213440325904064,0.5782412873082025
56.20091747128678,1,0.7213914378982609,0.7393963449648854
12.656379212396029,0,0.10300633052136965,0.5586217902145098
75.15195602793933,1,0.5072511055466711,0.0036506734566412735
50.76769974617778,1,0.16995582745936177,0.2823155124738027
72.34313683772865,1,0.046532809577156,0.7785793396350118
86.93618268785237,1,0.1432438844471683,0.7425482052767383
62.89480171627771,1,0.8693349363117417,0.010410252541492748
61.243932925318155,1,0.17614766478046118,0.4702962327601784
75.45702954396313,0,0.2783692090123505,0.43731817265034
84.24550014526673,0,0.13809478822040622,0.652281376290942
86.90537862770027,1,0.7355451016577587,0.12498004006499774
3.6430195682883304,1,0.4454491672565015,0.62141523288227
55.61902967977893,1,0.9436350386450709,0.9469180201610508
21.626930979755144,1,0.6643245822479024,0.37174953461524995
86.03458907817834,1,0.5313892204867717,0.3373564176597581
64.83976852033612,1,0.6566309316281679,0.028273514371877972
42.022247903243816,1,0.040425383209664156,0.05739505895543151
18.81042281213513,0,0.9506602601286904,0.9315724469297185
33.90236259198265,0,0.956429610417248,0.9755018465386892
70.37776945402246,0,0.27613986855552963,0.0056417004365867385
20.43595452116388,1,0.6282954827431336,0.9006796863431648
9.358294533837274,1,0.2019152441398746,0.1739600306808209
88.8028758227551,1,0.5474717946004589,0.5613587186564296
76.42103495801167,0,0.7707892391243933,0.6781409235287493
19.97949306581326,1,0.9398217248053922,0.35905871056057914
29.231154342999165,0,0.3392169232656719,0.5289880917707172
97.20701771308858,1,0.6935052630427615,0.6275421881553053
70.81844867591174,0,0.7164271143471794,0.19392629938479378
61.05220042138247,1,0.22114880116474123,0.9942566215856822
30.762848542413035,0,0.6290321314933922,0.203881835585486
29.912514416652225,1,0.6554212891877766,0.010338464686618698
3.9523618690230466,1,0.7640761063460343,0.944284592104748
72.84818669019315,1,0.9999472574545336,0.4291277008641431
4.317522505688453,0,0.04023236942648056,0.3986197189264785
0.4857337777279036,1,0.20230504367755808,0.2756713184663234
72.94950878609792,1,0.14507843191974068,0.025831926791167636
94.88737571491254,1,0.15443405242070252,0.26456819338015114
75.65030477273105,1,0.454248660621965,0.3933003425659819
47.164019062437866,1,0.8785365566129374,0.5203292488667223
48.6045249560873,1,0.44872326906775506,0.45764422012198236
43.61364226491054,1,0.6684803978344133,0.8790362077040228
32.464366711033364,1,0.3764991425302191,0.9113298619301491
52.17142141858402,0,0.31966331531111514,0.31715492181571503
43.115095714111504,1,0.8342351848290422,0.9595545938754595
59.81678800407747,0,0.6555475101184196,0.8649341721203545
89.81200805010945,1,0.350895288082536,0.9276348165347496
99.50094173238104,1,0.9141602612471649,0.7063308823877971
7.874328988291712,0,0.4985115651176447,0.19827184332554149
38.46834726613414,1,0.1882747472992885,0.19522779265777446
18.070619576680947,1,0.4832218624676812,0.9086515630839432
35.21204739255337,1,0.6746994379334758,0.5070454599344433
28.7473018548423,0,0.3671125892561623,0.8904673071537378
17.45371316267883,1,0.8437847362753934,0.720547879189317
76.40760534212905,1,0.5331439806061009,0.21251230433506763
49.62887428292358,1,0.4677647799344663,0.38475982006295373
91.92455822172258,1,0.8587114232637186,0.9678252150225083
3.259244324701449,0,0.462917806466153,0.01958276144350435
6.697801313198992,0,0.4144101418508165,0.7145838630927439
40.32735829303441,1,0.10371639533349597,0.978779697075206
8.027732040403713,1,0.3624918788569652,0.10414694592362794
26.27295964148335,1,0.3970483005630817,0.27199285494687864
98.60297430766236,1,0.1806223192244898,0.547013120681191
20.895960748461405,1,0.5878232017131677,0.8437649277466992
19.81177414120907,1,0.1438420705503477,0.5065118698377282
57.364066879570906,0,0.223689788603891,0.05959604699457166
49.79982907931567,1,0.5610919857251406,0.12718432333115348
58.04382972028448,0,0.26898356472473706,0.3759433688325644
37.673527820854666,1,0.6396683101283533,0.32254067376054896
82.6762359894947,1,0.6905131329207045,0.21967863117921138
13.858055144246284,1,0.3012904106066503,0.8401287361857906
42.83926458414656,1,0.08738768149671994,0.026881683748735674
68.9761848444087,1,0.4894518338289183,0.8293442477770777
86.82364402828998,1,0.09289842009181715,0.9216801736457632
36.95716063567577,1,0.5152356815238681,0.6301110245510642
56.77455990937528,0,0.7262178421289601,0.6253503985877641
6.913994500726151,1,0.6203297914708034,0.14901771298548183
17.031908811182895,1,0.44826764121201756,0.5683177382108319
6.913816246611448,0,0.9458585478975475,0.3751743939380624
72.7880891998522,1,0.10174723308217049,0.22904976152019574
28.805996872214067,0,0.8800015069119312,0.5833295558555314
72.37452901918377,1,0.800128872641203,0.0011904670623462676
6.639827904327456,1,0.41973858036458456,0.2764127915421585
86.25478004083254,1,0.15286717190071442,0.6560420242884377
83.55301981110917,1,0.15586678577764124,0.4550406105073418
8.892874305028265,0,0.9218057607427973,0.14564054050444886
2.375650645718652,0,0.2337046642782601,0.0013181117499577732
5.628881298199118,0,0.8741157079878287,0.2704393140699658
85.3630173146734,0,0.5032952199302889,0.5490593059551276
23.470348905189574,1,0.4617346367273666,0.5345455651136255
54.82733178581887,1,0.6195112675838207,0.13107189937191988
42.624420318005676,1,0.21503908289323292,0.613697143016687
79.5525526228602,1,0.428370674059694,0.998924378225075
48.88983014706706,1,0.9384844388049298,0.5848669062611033
50.06608406612697,0,0.23825692897874984,0.5276381757092544
98.90919394999024,0,0.9215835588797517,0.6226331235929163
15.01295567492571,1,0.9942096966091787,0.8796708902607329
83.07039387459314,1,0.05190718807549677,0.9459993446956352
5.174974560388479,1,0.5313791225913715,0.04103351575265879
47.764876957297076,1,0.1718192996936886,0.2049938029151538
88.63348239330236,1,0.6217142559566773,0.11576406400596428
66.52139656041213,0,0.9895426432148756,0.7723537857026399
68.52146193661329,0,0.8968808954182058,0.045562858951945895
26.331728225648554,0,0.9248484616063535,0.9026349469911306
41.85747913614543,1,0.21334981331209935,0.020555364903130813
36.658106349905054,1,0.5423195988893015,0.6025468129491236
52.14432101579942,1,0.23483101639495063,0.2755761939802671
46.222793014366815,0,0.8994247075776513,0.4705635249410609
32.68983518769893,1,0.19115399307424652,0.44188591400488253
30.548061237117007,1,0.1539589124091998,0.7488932707239829
25.085289165512215,1,0.012162631714018768,0.49664210105991824
36.50472468847584,1,0.18194786008662167,0.42122083012655087
14.994147793406064,0,0.18976284685453282,0.7302771025843543
87.21043020035738,0,0.07749018752561165,0.9258069193048556
60.211939183342736,1,0.8677411034131589,0.7939224015235666
13.378642559385545,1,0.779997808696124,0.736717031502554
69.38593342090013,1,0.2544814973472568,0.4877220811356515
84.76664679979731,1,0.7832577033112026,0.9002157982813312
23.753567205225888,1,0.42216454679679827,0.4863134574216883
15.06005943372639,1,0.7755203093481845,0.9302857853155366
0.8617257133752054,0,0.32300765183517355,0.80292226242161
4.725033885648511,0,0.5646542264878771,0.15026023561012958
76.22513483035117,1,0.38161054195416855,0.04699217272735212
98.71863320416938,1,0.18767581702346914,0.7408556868660656
4.48803224762766,0,0.5856328840020008,0.6858391616003384
74.80709590798926,0,0.7508307999778511,0.6020888795819757
7.186216584096005,0,0.7531071245941489,0.9762392800173462
59.21328249036668,0,0.35628941831924354,0.545403047771961
75.60752824282379,0,0.518711768405828,0.347899867101363
35.920439726773765,0,0.7637785985850863,0.5649658508225792
1.0934721110663737,1,0.05449759452259084,0.028411752505456245
59.51893521254259,1,0.07188833330086031,0.5792642345702999
99.12446281400278,1,0.37622273997207734,0.9024302050410231
25.761742283849575,1,0.2234716010289668,0.004330068518140329
18.94912771872158,1,0.37464601955022037,0.8453038121781166
12.392589275351495,1,0.09375307985962356,0.8019288940991132
55.52556199000561,1,0.5920080306752875,0.10610312979608527
59.64450993602733,1,0.6717405059943544,0.8468304931217174
79.22708371704023,0,0.7918405078939063,0.7635452657334095
75.30732736205097,1,0.6505229380753269,0.49104645755984544
89.25414947950871,1,0.39638139500607583,0.24521393839977312
80.57726983423014,1,0.9349282248178576,0.2881004158478522
24.726708307944445,0,0.7263320160279905,0.6122749254719903
55.58774048757611,1,0.5276812458267756,0.24630399937549663
29.741195909357998,1,0.2068504083355922,0.3253556756739683
32.978537955150244,1,0.6489749867362157,0.9308384311503073
93.19443692299963,0,0.5917205250859561,0.7293286165062528
68.18959050670735,1,0.6833299989375465,0.736074049716981
97.45904132511059,1,0.7811247653083012,0.9559364221216793
41.69125367187445,0,0.915049618978224,0.005794019803126438
53.74375733539766,1,0.9490565913581458,0.2444858433726511
48.71154199164217,1,0.6301855021255962,0.6579739629603952
10.728705752372692,1,0.9659560357533433,0.43827153393714136
23.670199452660334,0,0.9114223990005675,0.11280494813237074
52.76363606044821,1,0.0026143570152210582,0.7812336860716613
6.737430513300624,1,0.6376174662460078,0.04707253407992673
93.14619293088893,0,0.17846940983406356,0.5438511121894881
12.384368194337082,0,0.2951926544584984,0.5624643315425171
19.79807464169071,0,0.29750019973558883,0.6359613196106538
76.53212239386366,0,0.4831296396371074,0.315626302721813
9.693454178931372,1,0.010866177993366422,0.023600941231812222
90.02780996154094,1,0.2357964080246565,0.8889832860806823
72.57009707225356,0,0.02912095695983663,0.9292047948284559
6.86208571088589,1,0.6505585657192379,0.4819887269040657
69.18470612856528,0,0.8892875786928331,0.020640353481528262
63.16285421713178,1,0.9977886598319321,0.580871160223449
75.73494327399186,1,0.44855689178209746,0.3159298516629212
82.81978524893358,1,0.26014111029415277,0.18248557683369682
71.8350563173155,1,0.8531035967306924,0.16895265638120538
58.61762952709719,1,0.11315851754047279,0.17925544033316754
32.24633185817777,0,0.9742389810561408,0.33084100057931176
69.72736618299291,0,0.7148374547182023,0.28062021569267404
95.69715846307794,1,0.5039346653674142,0.8364248324531895
58.75217805288743,0,0.09665053732423334,0.49531470739002426
66.43448684342539,1,0.018195935709771405,0.4276474924650482
43.71280421998007,0,0.5445321974819392,0.14583355711446833
75.61208097430743,1,0.4138505074400214,0.8758907931211639
99.76673923386359,1,0.8426644943620367,0.05482220579378905
16.03893240677361,1,0.6423054796934369,0.2395313588744803
20.24052795037623,1,0.4318963464956951,0.6214722757353176
53.94377586643895,0,0.22600706010119387,0.7023124280103686
48.137539726165826,0,0.48042220881200615,0.801156574819147
57.15697845067188,1,0.16299427878615658,0.4102913014701073
4.907404772427304,1,0.6670126624731854,0.34674008664141776
40.4276456330449,1,0.60572907246576,0.2885516179629274
58.29782620655608,1,0.8100713681262028,0.5680946710777264
58.51913513049627,1,0.44952927224227623,0.34863561514536223
65.73339617683736,0,0.278648533027529,0.32809424067593307
72.02160290026637,1,0.8363953592357555,0.016890853435396536
64.15472033408565,1,0.6909970814598847,0.9483159875416077
79.0243155389435,1,0.70670916405935,0.06059424432054006
62.47606346845917,1,0.5280845714063456,0.2708715183109395
53.75076625372045,1,0.875978614886873,0.9214196273406962
60.61964288878109,1,0.22778350747153586,0.7353481952623454
10.119336675333235,1,0.4016920253529206,0.57813980418744
27.315654072551997,0,0.7962325716648236,0.6608139131953729
52.73997806581312,1,0.13296090196868116,0.0970600528127955
87.2987215401707,1,0.8081094930162147,0.8086473436552222
67.9051556287993,1,0.35259522073084026,0.25010676178260305
9.040807847189757,0,0.12550369903036696,0.9562139778788705
59.22749504444044,1,0.07914948553522905,0.23137460379401875
22.173798763709897,1,0.8430287187537342,0.6253644162318255
73.4016559788723,0,0.7786155456256356,0.5453244920121695
82.74408525087472,0,0.2880413453895164,0.14310309396866872
59.34562725899733,0,0.11636218923747821,0.3629271678168121
59.13626097517097,1,0.24723442603771806,0.7812927547389327
33.8591443210814,1,0.21298763569367574,0.21258807399910806
44.62500211613094,0,0.7330556516921982,0.962857314841953
86.41083538153454,1,0.2155630843569175,0.29548363864760685
72.33203309671565,1,0.21609852176762512,0.6267216594800857
51.97536596958431,1,0.032268132498855406,0.618867039589865
36.823238624837096,1,0.5968596883095181,0.4707782421651653
5.037973828855435,1,0.6889795482561073,0.6553604641657592
14.300740132638513,1,0.6534904689480839,0.7435769438267714
19.302518953937064,0,0.5685991561560785,0.6190029713408884
37.33835432586747,1,0.9660749488408352,0.5599946193339791
94.41436470762746,1,0.4727385121770882,0.6066274080727636
50.51533948587487,1,0.8601365081212348,0.40195592040195993
23.484016325923108,1,0.6460099103773388,0.07087316713155012
10.575013746151408,1,0.084161940687836,0.15969837918278196
33.8305524602964,1,0.8100884609760892,0.6067040430396946
81.57306355510569,0,0.5843885416898182,0.9271738924174422
38.334279341050795,1,0.6535256593254346,0.025740548571182242
77.25058060224134,0,0.1802274356238519,0.5440351970621957
80.27049761268789,0,0.4374900941423574,0.2520614330091897
11.082076969870414,0,0.8805824743742842,0.5617399054845131
60.865975262678376,0,0.2154311930863153,0.7496573577337017
95.90960633711107,1,0.00012490653719365863,0.7354531321695928
40.21380749035539,1,0.25750871211747506,0.7248857978181339
5.094408900302227,1,0.487542449176412,0.778923465939437
92.33026902578786,0,0.8212780433019213,0.07261068682095762
88.3666281572483,1,0.6432909005733509,0.5095778339179522
52.21414472090018,1,0.9190634689571758,0.2617784853721482
55.225312034400964,1,0.4555644316278935,0.921270561002413
21.174110277612492,1,0.3908152229570373,0.7828792220194712
81.94507555446373,1,0.23141821659571327,0.10754484735838976
49.86000383921264,0,0.21806248453910415,0.24324612903017995
3.387779514255651,1,0.7361098970080604,0.4552202554981446
68.30149564489977,1,0.08035912304530912,0.9629086218064256
95.0496269802706,0,0.24271358483300864,0.10967318412105187
82.91504903457503,1,0.8858952595401297,0.5679723685421296
27.719814021053978,1,0.5769208180996529,0.3412875131745584
5.332508493334065,1,0.04658760906833226,0.6463403417325573
94.03514125381805,1,0.7042550483297855,0.6487067270227045
93.70627248797014,1,0.5066823677531164,0.24059148668401853
53.24153197128694,1,0.8545217274980156,0.7858094003060662
64.23174116715352,1,0.682433872541263,0.09126247133480792
46.26000607108083,1,0.00444658797778863,0.818138871087333
41.976536709875866,1,0.20573908717492062,0.21196685857949404
11.944843592870036,0,0.257963700564945,0.5895792984916527
9.675289836109602,1,0.70223228916165,0.34730972690277007
23.273214667618745,1,0.5093141776700942,0.6097798266218947
83.66407464065443,1,0.7474474970911631,0.2674178482743774
14.583230073567998,1,0.5128671987834625,0.5689636719505107
22.66986519147107,1,0.32738461069660096,0.008198260213564179
54.861405932220755,1,0.10366064670868935,0.374454457617202
21.51312180782744,0,0.20262209866873626,0.8263893790621891
16.32066847177871,0,0.4007800803456817,0.46300658650550774
56.33162416979622,1,0.5514543081817787,0.49926109898996573
36.80932709966155,1,0.9386374031906226,0.621576837913993
62.61592858404692,0,0.23972017706650117,0.43420959883398236
91.22053404086763,0,0.6660849394466838,0.8670767277238136
15.099313143506766,0,0.15254591149330166,0.4033246698481886
91.34336598130639,1,0.7137531219223341,0.9425524342432506
90.24899674229187,1,0.011340877143979022,0.8769380233242583
82.90875833359028,1,0.6559199499296157,0.42108778265898517
63.12859173060852,0,0.16321765671452437,0.3658008745986372
62.01466574655474,0,0.18032444638082334,0.6766280189001683
63.92126599365015,0,0.5589076333145773,0.7553067486740624
69.04955512178131,1,0.3754115459087124,0.18586157732458808
1.6482200596157015,0,0.4713051505508362,0.24104520318648237
95.80925791606496,1,0.3088888825562579,0.14625251664849293
58.56037614655798,1,0.9534670495283252,0.7606918781883185
78.14658394024217,1,0.2906561000818888,0.7144018649790849
37.728183906136316,1,0.5420474247354999,0.1890538143183762
1.2397213915795957,0,0.8543555555408452,0.536874786154343
50.973465987644396,0,0.6641808122608212,0.7642393592033998
50.719011931592895,1,0.32277694698172066,0.9470286627433728
43.69892883114518,1,0.5524366833668194,0.1785226541310314
33.971705416207676,1,0.08299112623272742,0.30432977988968923
24.982608780972203,1,0.5456864027076922,0.3483397836390738
52.754487449718276,1,0.43138908835354195,0.6249773591332093
37.52781396934941,1,0.7579337070734441,0.13641885020898714
96.99318830498088,1,0.8479028431341171,0.1934290692513928
17.292730776693144,0,0.19961652164743904,0.7804368373919862
31.9665567627087,0,0.08153590546076306,0.5420536658560705
29.3960470924571,0,0.3905569812448356,0.1603862315284582
54.330917623595695,1,0.534150408200547,0.38843274800822536
49.92802569741479,1,0.37680194831502256,0.1344941953317328
64.37404654242731,0,0.6285611709980801,0.3626900012368419
95.00017705742079,0,0.5056512797190751,0.40019929521163566
28.522108549386736,1,0.9366260346650898,0.11211041162539626
69.27715692549965,1,0.40939112331959304,0.05983342618604204
2.5040203005183614,0,0.08249417294858241,0.8816018902575307
26.238847273362452,1,0.3019350211414771,0.8876480896402189
46.371972799659275,1,0.6058938623632445,0.002578875212649878
3.099478848113446,1,0.2560250986070861,0.6412040964241364
61.76694605536389,1,0.2689884518056338,0.09367900753897984
67.83106084017082,0,0.33957248402235085,0.8101416455313178
74.67317148380467,0,0.7461417799090552,0.8795623921537515
51.65745048430123,1,0.9401332342939615,0.6166151553702259
60.394466497862666,0,0.35037663384777995,0.6131554572029421
39.60652512784873,1,0.1954880397604919,0.37148150905372423
4.125303250656254,0,0.42063695216710306,0.24946896936286167
9.995185577451304,1,0.35183969297962614,0.4992708291532464
65.49959242014641,1,0.990024914123176,0.13371722347655401
99.55552995857762,1,0.4638682585179925,0.6722248948609137
1.5803239163296179,1,0.679283352811864,0.4700868953797185
55.758349682638276,1,0.9137880666448532,0.17760150603093072
75.10087528825579,0,0.6290615773638835,0.5883142527892828
82.67748280138787,1,0.24937847491985388,0.795327836585729
54.52049012226401,0,0.6074100953332803,0.5887994616671309
61.99159801841051,1,0.4018763360651161,0.5296614116565442
69.67249452745534,1,0.42234986943880704,0.84771747813081
85.89662496934307,0,0.979324581370405,0.010755385000829953
12.228953720281865,0,0.2785910135948526,0.6167476278346294
92.61821962748634,1,0.4689351464783108,0.40969218319456746
2.6017403551570006,0,0.1598670456992003,0.1935661486576693
83.61997509577753,1,0.17854419868548876,0.9795778500860997
7.674042655969727,0,0.6034844240858339,0.40381382914718933
19.462821160492226,1,0.7510157081527147,0.33526281244222256
0.38941463811326127,1,0.6364598736168452,0.16900843974064672
44.525670553604066,1,0.3292839979029708,0.9977659512454841
33.43592267173923,0,0.05961817256501978,0.8560513560296767
16.599291148702733,1,0.4702638621486921,0.06997241867495119
45.10901608039063,1,0.504269653093964,0.5657538761271833
40.23708831721839,1,0.7706516079598186,0.14740121087546587
76.76610326987415,1,0.6402895622919548,0.715781415012947
89.31303060700324,1,0.8712586276009868,0.484083429260437
65.25672517670819,1,0.7829828786950916,0.11038896419927591
12.441038872652388,1,0.3658777838109468,0.5570388912642898
29.539079470985065,1,0.6322214235246982,0.9106756511028123
91.33182968322798,1,0.7472865294551266,0.34119468233315253
8.873449300788916,0,0.9568803691727449,0.05080561476197898
40.68558393908265,1,0.42235216262224584,0.9452071112646443
94.25046192334813,1,0.648281992311136,0.14179918800945057
95.06648414694857,1,0.3926638352816342,0.47505200088123367
41.120317704889246,1,0.737828178869787,0.5446771278482843
66.73968880987974,1,0.9119931713105572,0.23708746318125673
45.6745598353999,1,0.9192260157195751,0.177418032038139
75.34605394363417,1,0.15708751738751003,0.11313888061485966
3.158133069299851,1,0.20409659762087884,0.06995528235397341
14.415714892135846,1,0.7549294507897987,0.5081265476803448
61.419880354359925,1,0.6310098859424019,0.8420207768343164
23.25522624430636,0,0.9051072868549548,0.1267587713666013
66.60522992691486,1,0.3138005594155354,0.7006190284454984
35.12229274612984,1,0.8480208111462629,0.4126207704235999
88.66455581278214,1,0.6837758569838599,0.03522423897058613
81.92593855599864,1,0.19545631015659948,0.5359723100047215
49.28378000687822,1,0.12649436899563926,0.2520082661331764
77.28950870948577,1,0.7027236020086076,0.6052540930405024
27.113788623509038,1,0.158461512724268,0.3493230108388712
49.42597768118626,1,0.7943290397431482,0.666452318262959
19.748205186327816,0,0.5570950401273173,0.918503362931029
86.08861685209939,1,0.47686706246278976,0.24454456208145914
82.30676165684149,1,0.27552903592141964,0.9398404689876976
90.21496684090012,1,0.9838455949248598,0.2043088602503319
87.74769812242594,1,0.7221671109105264,0.07069488222336306
95.95962620594948,1,0.778063647164877,0.19270098738807973
22.833623163192595,0,0.7687109276653382,0.8149166995155483
93.18242907953154,0,0.5840155771765966,0.6775562452645418
57.12131913519977,1,0.9396988419588779,0.9708341532614312
42.24950839181522,0,0.5838215033826768,0.7098273104249307
56.0373895967873,1,0.5200455851041494,0.41263126503663394
34.260235665027786,1,0.27371044242286724,0.8924309741328762
28.85530069609521,0,0.28173591984167345,0.9581285182084599
24.131433797752877,1,0.7368839059820436,0.7916549209601059
8.242798945712682,1,0.3347674216396055,0.556639585835101
49.656489714718745,1,0.7287107451466779,0.8257657813055628
88.77616757138874,1,0.952706758814825,0.17904470733428157
63.01519692743847,1,0.43930743677875883,0.9003500229293864
52.09756327557735,0,0.09732564287964196,0.999558982486536
42.85929182509165,0,0.6665464813294362,0.6651401664553453
46.4401626317192,1,0.009523031695485629,0.19588903958000847
20.927734757195093,1,0.7870035212722968,0.1444366621953218
82.29358771930973,1,0.5256531170387184,0.9594144056003471
19.838296328152804,1,0.4897322040086549,0.8713528213683255
71.6622756727313,0,0.5694421605776873,0.748678851564767
75.99850114961527,1,0.5164085439347159,0.9491192536154113
57.486904202773424,1,0.32377727179602267,0.5034037528683912
86.29263749548285,1,0.2815089096792419,0.8877464030023644
29.105035245065004,1,0.41529746062389516,0.16282031398837915
88.16172212428633,0,0.8949092819155667,0.18280971810736246
72.94104595993042,0,0.135370459787843,0.5123430456603899
79.87498277617607,1,0.3247645966865833,0.33250966084452427
66.45797095273142,1,0.19230042794940438,0.4325192680146577
84.63430169899694,1,0.42713697673738193,0.7981969863005333
99.30988627176359,1,0.13349841912317117,0.05340747094225906
42.01628545246386,0,0.7607956139022322,0.7208438342802297
81.39156837095703,1,0.10346739258457471,0.08822926845336554
74.45797595180336,0,0.6652620936172707,0.8475010502804202
45.2870165712018,0,0.26771032486902346,0.20189980653567507
92.6948999732512,1,0.4721899968576627,0.7349389203479956
39.44259295725947,1,0.1999879617175414,0.591879398987689
56.546591627623755,1,0.7302236794757191,0.3856221070728476
10.594235699096155,0,0.9482759892683243,0.26753625041891527
22.57751940662662,1,0.22174528739299593,0.0574593162664091
84.06961705337606,1,0.9531532077128283,0.3533802069130071
39.65527228288474,1,0.325273801011434,0.20052875660117597
39.40840894152582,1,0.5578471670519016,0.1359125039519823
24.598101819062023,1,0.7015899510855761,0.7384981225891342
49.16103342974544,0,0.19926861606519364,0.21251499101320048
80.58169613506224,1,0.44476393743262765,0.22315804771616843
89.51641177737396,1,0.06782748066405009,0.34048145175404365
7.011443204418388,1,0.69705377602802,0.4626531596217692
57.48207312401155,1,0.41661611972447843,0.5137127442897002
46.727336789233455,1,0.8916445326395909,0.6645462688404131
61.42818504715783,1,0.27399188857313794,0.5885220478379273
44.727568690826914,0,0.9236013243239269,0.48168387972664173
39.864482085341514,1,0.14103984468284503,0.3939402146374703
47.188071242948936,1,0.6069664660138833,0.26578621192923446
58.19991287564142,1,0.3078081798721789,0.7099426136830395
50.09832110317768,1,0.18178161095328738,0.3175013203937477
47.214445102064616,0,0.09393717171916549,0.8495813935258953
81.78353099580808,1,0.6556425588286899,0.5861624558879867
74.56479912378578,1,0.23316793325924545,0.6339442785281806
34.13784941811928,1,0.5728144120710477,0.5087902308777333
80.05771175153204,1,0.9794187228352779,0.9285560646520479
85.36506690045002,1,0.31596182027953157,0.4215955686177445
15.34922053741905,1,0.03494427771672881,0.4269684534188126
58.26824617307588,1,0.14282261439642052,0.89301449577183
28.531199359921377,0,0.11932200941117077,0.6049069209601715
73.91723219267226,1,0.4632835272052358,0.4491487157241404
23.878532935868325,1,0.7446505696606273,0.2621511145167309
67.14035241730318,1,0.2964443857818584,0.2450444450519177
25.51246560576339,1,0.14584277084384323,0.801434313755236
51.11437634299432,1,0.6407667663289269,0.2794660776237201
94.86464679161921,0,0.30118020884924246,0.005737690303365683
38.13075384564345,1,0.5751703493122327,0.019460639298323645
87.57384859632077,1,0.9337865596727519,0.9784026115965646
98.69445812038946,0,0.2913469549265262,0.5598379366229443
87.48508488051633,0,0.5124916144862686,0.4890246318593954
16.586602972334287,1,0.8068119136312163,0.9178760691083302
81.96582195351631,1,0.6917181124976282,0.3516873989902928
3.214939510056125,1,0.7514781747791858,0.794997559655233
39.33018836993079,0,0.7725693748561002,0.7218098127801388
87.07333733178638,1,0.5399160203340431,0.477096482321838
68.87522127599198,0,0.536062107902265,0.774631897458691
53.27404273378781,1,0.7188895804484474,0.9657783875926372
38.78640250826205,1,0.6976482701135557,0.20060737578707066
81.22969464702861,1,0.6700576640296851,0.017509414501021503
70.95584039482209,1,0.3821346921426636,0.8214544062642994
46.840531961567336,1,0.8285426456048768,0.40358707284481365
89.24843372096598,0,0.2362028893708893,0.5444024935150081
22.994801781863238,1,0.15573196635271225,0.22246232073253203
17.03915091586249,1,0.34516221911570155,0.8417887618528771
64.28037643335816,1,0.25383124040495597,0.7212062490727114
97.19943427017704,1,0.6631825122031564,0.9533666281947981
24.72565733067703,1,0.23101785114996087,0.4752518715996842
24.96703789338265,1,0.6564898383508689,0.9765650127608276
13.949884796218992,0,0.5132227948407885,0.5108553929738986
86.05635552736321,0,0.15245006807525963,0.6214220908627724
22.639754041133408,0,0.2583962641210229,0.6741274398216904
50.31785267248878,1,0.5217267843032228,0.4897714557201748
99.08724780022045,1,0.7331053039236981,0.5627801909689245
1.2140900922043563,1,0.39825164417467596,0.22330706470148998
55.64860905107941,1,0.23283264217804,0.36236305813290826
51.22890427049458,0,0.2950782090937888,0.7019932450922481
80.74473764101548,1,0.09511718927339685,0.03898896001793428
35.528153955277695,0,0.025149501090233062,0.700413119967275
41.03413588990416,1,0.9731293119968542,0.3037756445424884
16.793798059886367,1,0.09640993436591538,0.27183583637422215
74.08152316357867,1,0.12488734511065003,0.6934884643526109
78.47089091881483,0,0.8709640850796426,0.21494516272075626
13.666332077883025,0,0.663505235719258,0.9616834358893142
39.345707398832175,1,0.4360725312453263,0.9906790337130716
89.2904995362683,0,0.6490234057258495,0.45810040785145867
0.27072736757871585,1,0.9349848235304102,0.40141833584229303
29.87590706226323,1,0.09937731143570594,0.07903745639873283
55.50422850525477,1,0.24371102717533222,0.778218683794181
33.409385965995334,0,0.8603004034707409,0.16272399654623804
27.20451891776694,1,0.780639345301107,0.9330478604760809
46.003748490321264,1,0.9942567215571908,0.9905927389552103
18.152310810969375,1,0.3139088150721925,0.12240978008171155
52.96252409594838,1,0.9448863971385452,0.6830058820927074
70.66959213132259,0,0.34368883129500416,0.4659919915677272
57.52949526285022,1,0.7150931911854932,0.5411458542105199
9.31093308585309,1,0.8827429476215864,0.1795746796547819
84.44086141655733,1,0.17078209525836174,0.7235208994449138
17.49778374874882,1,0.2056386550352003,0.16661272096512003
76.48120006111286,1,0.5809586480323466,0.8852999777437376
36.05651107758504,1,0.8438247700355141,0.4539746143431608
78.27613480561023,1,0.07894953522211168,0.6348680993675447
20.627290340534575,1,0.8508808097559035,0.921791107048329
18.66621036954298,1,0.34312052954509653,0.7379395048025368
49.70258462174822,0,0.4062266139725018,0.5408478834499694
3.2936014698360494,1,0.33986109568755607,0.4026776478433599
22.529733878233337,1,0.9114799046076875,0.4621351219937042
72.40122521843483,0,0.13079432658283907,0.3416730596105393
83.73834783054255,1,0.5742744811763433,0.9461838252524052
8.078536393781043,1,0.14810808062579173,0.2528578441476489
88.20777094381043,1,0.9285946300948413,0.40934628259697237
79.75172040531791,1,0.7979313135356194,0.7782239246510758
86.96842957069654,0,0.23381927426107785,0.3643416726260641
69.84285545788399,0,0.29777826808815355,0.8866108964381193
67.41530672939648,1,0.3815153279626775,0.24307264014704888
52.50932333448638,1,0.4054176752954365,0.03134484170940388
65.2787224491315,1,0.8173428586320551,0.6287511122518687
91.91096645666052,1,0.5645333553091904,0.5082534577351304
10.052200141670841,0,0.42794931489172805,0.9330580798908226
31.57644778460912,0,0.7194446569363528,0.4231323258959617
7.245497359587183,1,0.45786487634380657,0.1355902579581939
94.48051719440384,0,0.12824001688479048,0.3297455372463499
44.5265465999388,1,0.10748918426952836,0.39321180996042315
67.53444706761884,1,0.32595667979517173,0.5831318138258048
84.11200645043215,1,0.6028702376151721,0.27450049108917596
99.10002480764885,1,0.13484132764823442,0.5503133201738051
16.178245779226575,0,0.5501341706974073,0.9080458655659637
79.95126057182287,0,0.2696096448087335,0.4237303497985735
88.74228981367364,0,0.6954134156082917,0.6515694939376312
4.887537685087562,1,0.02826270117637064,0.22889858712579603
75.40905601855734,1,0.469023431480573,0.8013270450460224
35.47253211965503,1,0.0522641490142326,0.269670630360059
64.85967914704321,0,0.3305077752753205,0.5798027935055567
51.40481960388647,1,0.015575144286879117,0.300247469732685
25.974225208663693,0,0.4690987605779313,0.06740235006184703
13.522136200398604,1,0.7670158684780116,0.3196627405610307
11.694723308920828,1,0.10022003774594457,0.21203066071134924
10.33228577084917,0,0.7352226919940271,0.892673768402629
63.77900401345777,1,0.5841952670923312,0.2661621146381432
35.14108513995381,0,0.5046052731360201,0.974423181768922
21.663343820587244,1,0.5994832622802416,0.49234581172486525
69.1885092705903,1,0.33589713172919555,0.22106496656764918
68.68495657664668,1,0.7103395537682894,0.3913441331656956
53.91682923569977,1,0.7796658419207723,0.18343111749758734
93.49578168658509,1,0.7782238655868774,0.8336832538454538
38.54142314414213,0,0.2694597893936884,0.11996926930647533
83.5862971269293,1,0.6539070096898525,0.8735277514954133
7.513940793219631,1,0.1480957257452764,0.045917048452088216
73.98310940385045,0,0.49541961359626707,0.29960793152933296
98.844741383193,1,0.0026292600595175797,0.13988672024277682
84.65982162878169,1,0.1935867590083411,0.6852655459207373
57.966471931005934,1,0.6317341158326056,0.512321730993041
62.67660643271606,0,0.8743615052031294,0.9393395728478708
35.32895494369468,1,0.04902829858602431,0.3661807610806491
67.94852182581039,1,0.5585527921743301,0.040749093500493494
77.0395383181327,0,0.6367750201050305,0.7616590631951334
99.82284811178539,0,0.9323909811827462,0.5795006496757173
49.2462917000433,1,0.6551437946449565,0.8274353052444139
6.130406577344227,1,0.10303270247073837,0.42613857207360817
59.585795073098524,1,0.14674424254448049,0.7381811613564506
11.902414998216859,0,0.6357641288869977,0.17106570614946814
24.476504355611006,1,0.21561967676323268,0.999526554831841
32.877991130573726,1,0.9283054748772882,0.17364697486910896
73.10298731484106,1,0.9206872007858861,0.829800627658866
18.380812387850053,1,0.9486558601572134,0.21243816896272616
16.575294684235253,0,0.29295260781219334,0.7825079845941679
4.496424249882747,0,0.7169499079603164,0.861252417027473
87.32399363538809,1,0.6630139069348495,0.876640906209768
69.35054243560607,1,0.03560378133777209,0.47571844691317644
3.994646561762649,0,0.2655650763462797,0.42881297311662603
2.829230563811458,1,0.2067667296794684,0.8337911301307364
55.86742964750561,1,0.37080860173833996,0.5794892229508141
28.2534401286711,1,0.953053716545225,0.6212768314885283
59.67263504319288,1,0.8456016389583383,0.2360671212086215
43.46041756809653,1,0.2934245913682769,0.44615701420260667
92.33125623102546,1,0.5300315310993231,0.369448888066787
28.780901496136792,1,0.1922661215866619,0.6653215590880341
67.91453684388935,1,0.27743399229593824,0.19648328001919602
5.405431161859919,1,0.06500324901488452,0.40575192672228866
95.58605341889253,0,0.6426065009168366,0.8487320589981576
98.07574679083521,1,0.6569207744963289,0.5464456770885323
73.90746290164124,0,0.8385016208034435,0.8960439773248119
46.52124715635731,1,0.8715518134272541,0.23252744395668068
21.999343932726134,0,0.1600593991937228,0.4399033365982695
81.25163402479647,1,0.7430409461629872,0.5004162231951051
73.63540971470222,0,0.13470763282733234,0.40056740730618634
22.195403956094907,1,0.3737150117458109,0.6844935623475303
45.12152941572657,1,0.5155365715592212,0.14871981159347036
46.2798937816785,0,0.04946991408707602,0.5194003901718577
82.64105499727091,1,0.15676371154545432,0.13877235047600922
68.38446843340765,1,0.27111609999003816,0.6291974887875548
64.31675435400551,1,0.12754232963418932,0.830248133274467
64.98274225632784,0,0.9340962722063331,0.019997046693564058
27.04700793824789,1,0.2883191880871163,0.45693622170393444
37.1711259829534,1,0.5011716645089137,0.4927035918102952
4.566228543670614,1,0.9965342379256862,0.7202542106531372
78.69411358121238,1,0.5666426769312439,0.07471993197503579
43.29982151698138,0,0.4114957749920847,0.406020781270096
43.82383570875735,0,0.9297924059242851,0.7854812311725559
24.53562649336267,1,0.22249775536660854,0.5321445615108743
20.94272814594289,0,0.17950074083870793,0.7498461881132613
58.782192956902925,0,0.5353643690407835,0.3640097802716581
23.255301520367578,1,0.42730173783139014,0.9200876818858551
6.420885156546441,0,0.796986077315465,0.07734525821951488
76.75074159808983,0,0.04201004130436725,0.0911644058027975
37.64694344063659,1,0.6177258244112199,0.5284859049090463
38.02355838993044,1,0.7106791428978765,0.47082384903565255
43.131828151579136,1,0.9719167608239669,0.6384675274649015
81.50448234080937,1,0.14576320023983547,0.22905613473921804
32.08368959398171,1,0.24624321870946764,0.2260282909768756
75.80362112578361,0,0.9324432315692422,0.7491095677697037
93.95448407795432,1,0.6306288454833006,0.29176520070467316
66.08681959247994,0,0.038049032735511634,0.7272917351600022
43.16810811770247,0,0.07734400225577898,0.6407069850795798
74.77897231466648,1,0.7854405606276683,0.08332715332917362
45.78973697513855,1,0.5674744984564157,0.711129639736074
41.44272711081408,1,0.5654154816188739,0.8795153746059255
52.528316357268324,0,0.8798656433112854,0.8166462573476223
31.77223348092938,0,0.24109791937122826,0.008861865889775111
10.42502162800012,1,0.16043098182201998,0.5397139061386238
41.48520055261652,1,0.6138059476220805,0.9133372117734216
12.385688112930193,1,0.8824230976538834,0.5987256741991663
41.044147355544666,0,0.26525064466761816,0.29032607065310156
55.69337212134503,0,0.681294364791352,0.19454464199979737
93.07111812056468,1,0.15237903185827417,0.684947529354962
3.622233104530359,1,0.17190869582914892,0.771253934712873
62.145840650194415,0,0.9015100578627374,0.9125847649174004
45.77351866500773,0,0.11796499490637535,0.9057165835331052
2.0261128204139167,0,0.024345536655194677,0.339280166115716
24.954817593872036,0,0.7749404481107842,0.603876931505784
11.848525235480157,1,0.36250954852518036,0.10151918585899378
21.679414573144474,0,0.39665855220213087,0.09446255016379745
27.457024346091817,1,0.7998575449081955,0.07146856680054658
40.13063353821963,1,0.17993579157734818,0.9271442460879121
52.903939348889025,1,0.6503269415210357,0.15243242622749353
0.09899939263861013,1,0.3135283288376345,0.48232619848862857
16.18693606287408,0,0.10426846064684414,0.43307236479440725
9.356638560880072,0,0.6874960489700879,0.32477110962665445
54.96733992627437,1,0.3186641345509361,0.5377306523514364
32.90748704012698,1,0.8666041042800707,0.002790890473588603
54.83977360347181,0,0.9190356502319008,0.3801493383195974
22.182330217467783,1,0.8490517619209528,0.47934406046965405
2.4229354087584865,0,0.3223517474354619,0.8033043862053005
94.13669012702468,0,0.23658262435965616,0.7009634293016453
10.830812118899402,1,0.8928006424077998,0.8497618040179573
12.685874796171682,1,0.45294698387646126,0.3762982352651212
14.65468265101405,1,0.7077397235580157,0.14090552779738852
98.12765239932727,1,0.8271642014106343,0.40105646393305305
61.76602401699961,0,0.2776866548678225,0.9630596339250075
61.02899517038506,0,0.11909742793479017,0.21432759405726853
98.66982015185296,1,0.6248275633432858,0.17475536297406324
8.843876927465477,1,0.5901922557632251,0.9443372761590757
97.45008925422891,1,0.2702000726585758,0.9499230848102128
20.40131465540409,0,0.5847067213853422,0.14923685442991563
62.30715035620354,1,0.7903572544783429,0.7694528615511991
42.008356530279165,1,0.3500109823441274,0.4297425041857704
38.39518134771782,1,0.2423177189255722,0.49221571600492164
93.12433284794625,1,0.7250012136095562,0.4986881464581462
14.922772844025644,1,0.7858720166817947,0.9683715611183437
99.70690110762436,1,0.9542894378689203,0.18466111425008858
37.912506109154855,1,0.14758582291747113,0.7730637352528182
64.87749038885543,0,0.8892641018881947,0.005674108359608354
96.79067314833601,1,0.7650988111899024,0.6286101069088057
5.760105037897478,1,0.7018999079308879,0.6526779766990596
92.28643629251906,1,0.31305362919037816,0.7537062094506878
56.78113853543433,1,0.02219295118815412,0.9259623628061254
70.43968789774523,1,0.5075504941194423,0.7538351056556392
14.918418388634835,0,0.2857693764857162,0.7321439858395088
53.338743083103225,1,0.2898210189266912,0.25378751632097496
67.35137147252436,1,0.9271385771926535,0.9928397091714795
45.62473073876818,1,0.15296889205320918,0.46840881092392583
15.498517810605673,1,0.9342323795905538,0.4174501022792231
24.41190750855766,1,0.50380671001074,0.5018775732770935
85.43927909934985,0,0.8382792760609368,0.3940564557536834
3.447099283276278,1,0.2835875714419104,0.5936375712259545
70.88620784408124,1,0.6339206640847351,0.3496245897850264
99.93900365145268,1,0.5565883957234168,0.2399448489445959
0.7482996106766615,1,0.9241660894178338,0.9279949017957395
16.10456828199399,1,0.17929842684242103,0.927828479970812
67.41443008931344,1,0.20456988974247958,0.4962454127806887
5.999083458534827,1,0.9489643994535446,0.9621473439443035
58.97899838558589,0,0.09796462078610502,0.4157171598443574
68.40001035610561,0,0.6346824690439964,0.3873788684666185
58.81463481140702,1,0.060564113215253124,0.9169061357141745
36.51847030210672,0,0.07699080812060333,0.6329170030231738
69.72822959866389,1,0.5971487429017218,0.7625173699968822
59.42944280138205,0,0.5513679621540587,0.4127438315640213
20.763717209391974,1,0.5730261987535927,0.40700166447601516
56.31355435851098,0,0.4736520965499429,0.08330370487810046
88.19072171389276,0,0.7423593405816048,0.9667438846137733
66.683328569045,1,0.9921885363648986,0.22795896684210604
47.17915073938471,1,0.2757812463903556,0.494267063633931
32.15841028694511,0,0.32343966731494844,0.11461027184607053
8.588620943757286,0,0.3230495423432147,0.6469536133543663
24.46271327590287,0,0.7632689463058524,0.39087545024776704
1.1186753086876888,1,0.34801550112372814,0.7676618740924276
98.66259175249644,0,0.6767370675826506,0.528378654487965
22.248225212873997,1,0.44588755701192884,0.12947931518493772
81.48759426853726,1,0.6078046670230125,0.010740508594946019
16.86448818049786,1,0.8290153728048992,0.21244868230030445
28.360114960557393,1,0.5140586875542057,0.7243464948204557
41.827731922836676,0,0.47517320084670556,0.8285141276008635
32.44056641416051,1,0.266974583605303,0.3413350356596144
79.83508127598611,1,0.5159045818197838,0.5359250712328545
95.76934080154231,0,0.2624122729096039,0.24001329045855602
87.52944836508485,1,0.8435702057179587,0.8804432409199607
15.357786694775655,1,0.38886402686158383,0.9652071459091819
77.66886763492903,1,0.12910763183495388,0.7529400237269399
14.794691330471144,1,0.23996752792636,0.08888672059183111
91.33811065621013,0,0.5345814674672562,0.43711858061891895
51.787857566857845,1,0.9162875158297524,0.9905056817499768
33.638108805670676,1,0.30056149857477965,0.22938482931326476
15.70254973341928,1,0.2643862040993116,0.6704716701754788
1.1809088179004612,0,0.40655983481013536,0.9385634814276566
24.794699166088474,0,0.9677544782921464,0.7732033882633873
91.4020063281312,1,0.8452196744613539,0.6088601556642789
79.72621922722276,0,0.14966795107469155,0.5067051588955626
96.97937077507194,0,0.6137532871002641,0.9288143623370332
10.076152112137304,1,0.7918642033440346,0.39473336710769535
59.217874350566944,1,0.7680103413702376,0.9012689998845531
25.715047403077662,0,0.4888454917546158,0.43105292900757075
54.29417057724074,1,0.7318313856740422,0.7565450237588279
32.04548855634551,1,0.5835866105929837,0.9157138992674767
28.34655502433575,1,0.2014449828522027,0.5506429086282195
57.38453020245975,0,0.05605364063650864,0.30987984833425797
18.33181618695403,0,0.3694996800503372,0.050986719658674295
46.91334369721169,1,0.06193900194753987,0.8092599635047751
65.08122650440347,0,0.3950134039208921,0.6220099206934171
12.818207318280406,1,0.8288790015707599,0.2630456478254958
93.05942708769041,0,0.8442941484035814,0.8774116531615896
50.57246994541248,1,0.034073921340017854,0.9203027637758013
81.95279718843422,1,0.06953546750949413,0.8871660795128758
65.39054306210633,1,0.6698670875912447,0.6015178983561835
71.00009412225455,1,0.49999869494219984,0.9765816071692934
71.6130940992838,1,0.14935839273039087,0.874805631201768
87.50998970614727,1,0.8055296177320932,0.10426040494565936
61.36054350469241,1,0.2164961627064219,0.9811059759593443
27.821715172138962,1,0.07814925469571077,0.5488063726698508
9.950964286545716,1,0.7495071381000086,0.9200359035579718
60.625061945014146,1,0.608125974631964,0.7603414348326818
6.6352803770581055,1,0.3944427387313236,0.6475666753554187
24.12934516895302,0,0.6927262037835346,0.3266723816563636
6.070718460191172,1,0.9113806886912028,0.02703002358433415
54.88875890065671,1,0.034182442766647725,0.27673625244208355
16.033812494286803,1,0.6276794376753354,0.6858203228735955
61.040731943347325,1,0.2181672970155598,0.86311490687158
79.08651308632676,1,0.47413775994138385,0.002346597115479576
82.18807207718623,1,0.4239811288833696,0.20797377378682225
30.954350813762744,0,0.38997966783452975,0.6730677154020869
54.895453269449604,1,0.19035610024746197,0.2836351043204063
56.301076008635896,0,0.8026499364449822,0.1417028540536155
47.28871821541666,1,0.37952058492770024,0.08193609822352321
65.51138914247649,0,0.8871962609364799,0.637878996824556
21.008712382353355,1,0.35466827294649084,0.5948598170283448
97.92432395867942,0,0.8397133446791534,0.8586135721496693
9.807982709093244,1,0.5444663315246878,0.31483766724526474
82.92211412031192,1,0.38562523485979217,0.13671861833555277
59.40959869511878,1,0.704032214597996,0.7991550886901845
24.48547471937159,0,0.7866546246034223,0.988185924852333
74.56750006602998,0,0.4826907902744818,0.3603895406182187
8.448089567707196,1,0.4254204283835368,0.8653496142399302
77.44178344487831,1,0.5774189703723221,0.7625454707608623
58.998522224301354,1,0.5851633785057182,0.9115852947587482
11.07503183964016,1,0.4254792158546874,0.42437247658092936
7.950556309237022,1,0.7576628784426377,0.10130150482382427
75.08363334364626,1,0.3997214477538079,0.11835620636492872
29.293590650383717,1,0.45299834288249274,0.7631984204580421
88.93018507672134,1,0.6053182242795124,0.8633318394983679
76.20730210301761,1,0.9868489019306647,0.457016740937051
69.81902447177161,1,0.260686111014103,0.05957088923714593
27.860605263345096,0,0.23195279991152484,0.06670604035978966
70.89445190216179,0,0.1768872665129827,0.5986003500624237
94.8147684514834,1,0.6894442143081335,0.9186243502149701
9.155983437056891,1,0.4490946374184077,0.3995835137059165
32.6162642003566,1,0.38860634007427475,0.6506198151991558
23.467226546159413,1,0.20409037414886866,0.5420077689567715
39.32501344006667,0,0.8911383774033383,0.8897578444520615
74.23326548539464,0,0.4431730352223858,0.8323876116422353
47.424258142538655,1,0.607693311486329,0.19934856016940372
57.073060612024626,1,0.11252957829252841,0.6775430985597185
31.415488807834237,0,0.10797221668490109,0.8475031858095382
14.128926708710054,1,0.06735454166399579,0.930249381812539
26.693364893772852,1,0.36734608083829356,0.589927140525222
85.9680301241987,1,0.4728866021919116,0.17591123516051665
60.241696215341044,1,0.24457814944923684,0.5582320840844456
37.79886731972337,1,0.3496775058773096,0.6658190116583507
78.99059817355875,1,0.006260034023769734,0.27248906152006747
6.445743245490876,1,0.3510884652613948,0.9730014821256897
25.389108792238567,1,0.11917133483084752,0.22932625130807394
23.010315405733927,1,0.12838447837388955,0.9113525217310383
98.53645621682222,0,0.004506097560003308,0.4251807575246427
70.60985823927602,1,0.6963805660651069,0.0005541648329039361
61.77859363885542,1,0.931283774049384,0.5432890733499786
0.49849652944728984,1,0.6215455608521572,0.6282858659173466
18.431000208985736,0,0.09620205192790965,0.8693633532082976
63.554129297307824,1,0.9896494493925041,0.5405632384702634
37.97193264816657,0,0.9755851708765133,0.09412938215273159
92.42803836790608,1,0.46823453565748874,0.9268135593062778
76.4724219141758,1,0.10786921840629593,0.5653547909254732
44.738407280412,1,0.7207393096472045,0.271531191972179
74.95149775382704,1,0.9614682044834372,0.8988586164884939
97.54043238262216,0,0.7786996041386927,0.12091347236703431
46.09808247014706,1,0.624202854570981,0.09748283901336163
64.25258878885333,1,0.6108319023710771,0.5350090938005817
91.86646150612951,1,0.9779181142056288,0.6248842278062096
24.867466203617326,1,0.07311933681976945,0.5109591673914732
88.65579136662784,1,0.14955601959062614,0.9289920471124323
9.754470677298265,1,0.8308114447396812,0.2628208347260975
64.84481705876465,1,0.145113080319759,0.9902350758760617
78.28381550557843,1,0.3832964869290296,0.01934933444598741
61.460621925242606,1,0.28149925605475035,0.11853399466015269
49.553480415254306,1,0.24344471644039323,0.18567630602741203
61.734709992568604,1,0.025721951108426677,0.07957572705452665
15.166370877944457,1,0.5662512635348111,0.4382178664290145
21.557071033021835,1,0.4012395208334609,0.8653721757121197
26.989934395634197,1,0.5515902126370112,0.8207593268801304
59.77793406300381,1,0.30450820649750365,0.7447568560476171
44.19010737450705,0,0.9414608550542626,0.007409401935457693
24.447584248583954,1,0.5913471922415274,0.8657060267562281
88.28093321445802,1,0.9612070465322669,0.3964990919552148
37.39218402932234,1,0.35000595425865866,0.7316377545238789
44.60317192298911,0,0.0022895373463220903,0.7269186844637285
40.97010765489946,0,0.7812655649624406,0.17752102721853613
18.194295527675266,1,0.8273788545606422,0.515394847584326
73.16270154302333,0,0.058703397200336016,0.9261809589460742
44.8458262268858,1,0.625369228462319,0.26304863008187995
1.6257109892718447,1,0.6610178670401202,0.7150278480015348
96.4013702359797,1,0.1457338670475653,0.9580510392938707
81.57636115954136,0,0.5525245528525812,0.3606311756293924
72.35593540918033,1,0.24319888067994366,0.38763367269165216
86.9091870518529,1,0.016451703204516166,0.45256250920857355
90.68072536055503,1,0.8669110903761178,0.8090392416694437
33.748970638443865,0,0.4916951712264641,0.43928472173616095
61.09586784166986,0,0.7816991009107112,0.4862459560073753
60.88078092055942,1,0.7228930322291087,0.2223174897702772
26.729966881059696,1,0.993705261014529,0.9883450653521907
22.195225144706722,0,0.4379534039011932,0.8923541539698983
11.390725481902209,1,0.4275506067571776,0.6002543130284576
65.93141959164528,0,0.2817555670511702,0.9605600714599187
78.09189910307799,1,0.6251472134032147,0.68699776674738
76.09529795170037,0,0.4861125005552842,0.9591056325191628
31.627537718497432,1,0.7287611221416688,0.16153586673962972
20.525985046520223,1,0.35651169844142727,0.2254574069030808
45.36141784546219,0,0.1308447416093259,0.885182463638394
54.68134602405106,1,0.8624354521194542,0.41987439162662055
91.90871279685557,0,0.8280469419646846,0.3711577041025681
87.48231542740541,1,0.3510001871157442,0.7543353563840106
91.60583313018277,0,0.6903517175119992,0.6303256601693596
85.02623851359796,0,0.4924029062756118,0.34407159976724266
96.45812044363112,1,0.7609720971311001,0.3978605875527269
46.549999716905745,0,0.3901323686645124,0.40838375830015416
4.747349743309437,1,0.5356392353912296,0.12633132806904424
8.356203214847824,0,0.05781610406474724,0.22955392947017839
39.02761417723431,1,0.17490998158808135,0.5375302816025037
25.768709127299726,1,0.781765607775103,0.7818271522784995
16.99405913610673,1,0.38156548217287745,0.41904828442922093
95.32037745086485,0,0.035105424229590176,0.38335279958595914
19.541958841062247,0,0.16763628571194666,0.6505161535305172
95.9379272315231,1,0.4115980320856145,0.1572538638802129
76.08388403212071,1,0.7179131070167719,0.3807503244171031
64.09456721252235,1,0.36348504180723096,0.20813623619699384
67.60189600893783,0,0.745185754378869,0.6516462343279148
33.1474323659124,0,0.8580605872950834,0.11236401491607739
64.64270380582822,1,0.3411366142057126,0.44782281960244286
18.66921182812653,1,0.8003755708544253,0.5961820570924085
93.77054325359795,1,0.12688066593018954,0.8336754428782402
30.179333996059356,0,0.41528352507165955,0.724551276426105
25.518651229354216,0,0.09756239628159258,0.9428631210138628
71.11627981941575,1,0.052527988794775715,0.6798784072529453
65.64487180661818,1,0.0645273774854469,0.34918963490017985
45.12989183433053,0,0.10475202708163645,0.231723882514422
63.24462346907863,1,0.8357259234163987,0.05658240365884026
15.949307176085615,1,0.54367712363369,0.27758761670996657
67.3328307401955,1,0.9473881877770107,0.13684868884670076
27.061069519519386,1,0.5380003013125135,0.36922477774168183
27.283597667645733,1,0.6287113323103868,0.7025781392526055
16.217993494378458,1,0.18448396114049304,0.6920340242131459
33.23771350361646,1,0.5405810206337084,0.318166429363942
33.12510603113281,1,0.3853025488033268,0.5085523706160879
45.417901170226926,0,0.9314353421403702,0.21677156980179912
19.04195046663495,1,0.933921215781792,0.5029767185340183
19.30075361587663,1,0.198498612502241,0.5100818762301141
54.17385716632283,1,0.6201308639383659,0.30129683891840187
12.887740467047514,1,0.638175802970978,0.2594677962405897
68.88970079888351,1,0.5625350794580178,0.9795744639816819
94.39471258625966,1,0.12432970799514931,0.5371235110987537
42.679562166437826,1,0.6540153188408618,0.562076631577316
90.11053131506767,1,0.7990852849242002,0.00779409036806189
9.831659112586443,1,0.3452260338531301,0.18184078163545014
4.295762737564457,1,0.5145517019441572,0.3566219618200228
72.136887751384,0,0.1163279463492779,0.9659807425187686
76.10215729814965,1,0.9306887114870277,0.17524173428705758
84.30582409657514,1,0.10953785317232001,0.30328971132686766
5.681767839998142,0,0.20837710666824705,0.9901569937849792
77.69070549568305,1,0.29847847580003495,0.4811086423358961
37.65387327965818,1,0.8257902391820219,0.3184077754702265
30.33376326821986,0,0.7006559205023549,0.6343589204868201
17.302392134329693,0,0.00701443800310253,0.49630228451644387
99.6015755102527,0,0.18356154715941053,0.957449091641458
6.366358931886362,1,0.7501511791919018,0.08319504799204525
82.70080146079994,1,0.40383449100081237,0.7905479205176613
63.94944354905275,1,0.026213532467259992,0.279086378462985
73.50804442618671,0,0.9639168783200247,0.8066693309902316
71.17171199217964,0,0.15123291294056207,0.8477203405828664
85.84344850731826,1,0.5104666400468276,0.8492228580233985
18.37920698561083,0,0.24831609764484341,0.866695698888422
0.08246168346853766,1,0.7374693202253596,0.7181275067830907
59.85284890432661,1,0.7767260990472881,0.14240414671486024
35.38586393233339,1,0.3972204035248931,0.051902593498776906
12.37873311171377,1,0.6584496214590319,0.3407652437808578
18.613875410423887,1,0.9090735845464855,0.49506985861107744
33.17493124592229,1,0.8148091184926063,0.3026209007395526
7.023337088670322,1,0.4148977176449147,0.742206933925596
5.691320212845086,0,0.4414760538966379,0.7224434777679247
91.60262548324441,0,0.8868782740270206,0.9719245011137444
31.21027493536962,1,0.03437280042634294,0.4005730904994095
98.2230697473585,1,0.022811572313826356,0.7857276608097634
96.43670083303999,1,0.2057953415650221,0.7411999707403069
14.25712823271138,0,0.8276216446853436,0.9887495172422937
71.4924302896191,0,0.15321318761720082,0.7736152512093648
60.08048891270692,1,0.28527928494835264,0.2835745307020622
69.06470731051536,1,0.6290686901401757,0.015272399127733927
9.619100001447478,1,0.18424281006138077,0.9681661544787779
18.856007863455805,1,0.30311634124357345,0.716069043844747
7.66386614508815,0,0.4669127271231922,0.8126066279358483
60.41342052170712,1,0.22810928376793815,0.7932441544287523
98.65910758490911,1,0.9924136839779331,0.7357610899931691
67.19845376579414,1,0.16344601732126784,0.7514744685841753
71.07615350219297,1,0.8499371049202531,0.9294581847738685
98.45850415432811,1,0.47009983149871915,0.9141112819284737
67.80115541717961,0,0.12912367972018846,0.37922674583998295
4.0181572628470335,1,0.1184861571625806,0.030961523632847876
86.70056008565976,1,0.5002960560508554,0.0386815934960667
36.46782903787963,1,0.3535201714692102,0.4466383645234687
0.43636215147153656,1,0.23460229911299368,0.8349795299004072
50.72341775608206,1,0.9589391371657489,0.8476112266155218
93.70150008762637,0,0.4633797406331909,0.4043895812299244
25.73306871949832,1,0.9288109813723276,0.30161162534796726
49.151317305283996,1,0.16399972606481883,0.5066014444315459
17.377688778239076,0,0.18346606723001224,0.8325432068699375
5.76926716664401,1,0.5960276909424516,0.636496119677168
8.054494671311318,1,0.2698756426168226,0.13980581365953482
72.70109059613554,1,0.18493785561126042,0.36223394365855777
86.4074470742149,1,0.09468538541331106,0.5554259151915379
14.32988392524911,1,0.07627067030716383,0.538262431287172
28.831856781046874,1,0.7531683854134263,0.8306340200887075
19.502946764482733,1,0.28216314636981654,0.9321717638406569
2.6855776926427932,1,0.9784191533076348,0.10046309417525578
55.34313698869836,0,0.1831211274791248,0.2244075903458883
69.99221701376476,1,0.3544466500238479,0.3921569106394216
64.78774808850704,1,0.37490861948233345,0.29639808145102786
38.805354730224764,1,0.5001527927368299,0.40829049495844283
55.501024593990536,1,0.8706358689794534,0.040721228615231975
9.409930663622468,0,0.8347702099641873,0.066013270162815
15.430371872268445,1,0.009956330863795326,0.8383614779370744
93.17946195529834,0,0.40925506695826264,0.10258178411188701
76.15077478198968,0,0.827936731040582,0.8240751119947495
92.27390958251674,1,0.0001978078267101946,0.30651200180303506
91.66802844993673,0,0.5336395722182439,0.3092233698888558
64.93926171077406,1,0.2594756213332019,0.10074702812680714
92.82386481121651,1,0.4127685492421006,0.013263381483498704
41.67041030824632,1,0.42030469987880803,0.35528860844538523
0.3616244784940936,1,0.3917544407175144,0.8353569062939832
6.257111584615938,1,0.891950122211263,0.9199554645380619
10.948732570081521,1,0.5364636089695346,0.061585556130329566
9.535345318286026,1,0.9037467238279847,0.030908063805608732
35.170239085026346,1,0.726742407321351,0.15880062013033347
70.12708071093576,1,0.35112007097400566,0.7662898086856959
79.0648806600495,1,0.4935636815489549,0.20488276602347477
59.021327434462464,1,0.3898585382052917,0.23081037439446594
14.643617455697955,0,0.8285742782003216,0.8889426978912893
74.79016021481752,0,0.1875978119709637,0.8749490387585347
35.480191913759896,1,0.9364122822615515,0.6702892194201687
1.2993348671796245,1,0.5804244942519161,0.16401378048147897
28.058862053274936,1,0.611757953968084,0.38114918965157185
33.06005541409779,1,0.5168014002519713,0.2361774061591052
27.424553521810292,1,0.5544964770449176,0.6718455818431287
81.18701531875855,1,0.6676754164228271,0.7799310541806278
75.99263975940903,1,0.6550352551008597,0.14213372201755559
69.55520304126415,1,0.21414708886996425,0.8979558329070189
13.900507851226529,0,0.582440160873074,0.46282590718383665
80.7833909706282,0,0.3546264406884425,0.7950058544949483
67.71759616633237,1,0.6370303058028788,0.05163760854196231
19.48376864813919,0,0.5478345802679188,0.36058118701943764
64.80939302815165,1,0.17967993371249258,0.014780947697325186
48.3511641003681,1,0.734733917539036,0.7184847314356495
43.935006185622505,0,0.45701344747949024,0.07945097023118519
11.212316347238882,0,0.551441552286137,0.3382857910264445
51.830427584516535,1,0.672642864924813,0.7817486806388066
9.993180897236364,1,0.652871773917137,0.748966478432914
16.425338725426663,1,0.7489288200900446,0.6402896203728426
13.254631427476271,0,0.20675172864311742,0.6940206388413889
95.41082790700077,1,0.11039123373735693,0.6512313251035727
28.486469044389008,1,0.6691795746743444,0.6412759590068303
35.520432359600775,1,0.23598494666568215,0.3496546400413997
32.20806062960361,1,0.11460486854982666,0.02816570407685559
89.82504451781438,0,0.131237492809408,0.44182584981578
56.296591133488846,1,0.31280012389951406,0.04545965159034471
91.91598989333117,1,0.9917870480492451,0.46886739512364184
29.992490582789554,1,0.157260326687085,0.4640789767297566
11.483467443194895,1,0.2985365622984678,0.17872153726381923
55.62184527241746,0,0.9207341518821429,0.7842616303691861
34.553699179001754,0,0.9633080631408026,0.7042093419104312
80.19068334907483,0,0.22884336115151804,0.5595395407009442
87.94234089116586,1,0.8804526970506575,0.9259085801216873
47.257351090707175,0,0.13891794452301365,0.28718711321021084
97.13590240855083,1,0.7615364113005156,0.2620322214649935
55.30130063444059,0,0.013008160647371536,0.18343581555238897
27.092039338631245,1,0.40661962924096007,0.5444397877816999
48.89755153442745,1,0.24733520671738818,0.2053571826985805
3.7310292402927603,1,0.7040080141591227,0.8688955784016181
80.40011602630676,0,0.01605613135518469,0.3043097704838039
10.143505085442095,1,0.464901706051533,0.49093101023606045
30.874848850300495,0,0.6967290247449353,0.5295107649301624
56.531654700494336,1,0.04670487325018291,0.30764654743549846
4.297512564689887,1,0.8974001821299723,0.7384196210696882
7.931689918144825,1,0.3611974073964489,0.6920729362337565
69.61163576130129,0,0.16526583224224256,0.7608110282212446
7.177709306076874,1,0.22546449603046081,0.605920469790994
47.70828662473765,1,0.3389059287804632,0.4601822922598777
33.86956334207504,1,0.19837510182229212,0.4489170965425162
22.807940795641645,1,0.5105787539152029,0.7165345616184655
18.87788978636654,1,0.632931736499356,0.377035241055516
76.34112937325794,0,0.43343010888332467,0.437259781112186
95.15421931502826,1,0.4270321498951223,0.16367111922203437
14.017974220333173,1,0.7816995193687025,0.6796304563213801
95.9681219174127,1,0.3010167129578851,0.0769247492347932
59.47625034751037,0,0.622768833907242,0.9905121608804818
64.16604053632571,1,0.8929215850434725,0.14373757716961566
70.99263781425819,1,0.2215143650960122,0.3829783961184263
70.4118890354581,0,0.6199007300244572,0.23778063289828133
81.98111081856882,1,0.9479717800547842,0.29065812598384155
48.34686513476974,1,0.5297952549554544,0.3224532493040646
53.33585875147011,1,0.9768977236971302,0.718336639054379
32.38270024634159,1,0.3100460441847964,0.17674927315444888
10.525759378311704,1,0.5642938926661981,0.26385654217933996
66.46401909262191,1,0.31103575120095284,0.10120609027044414
3.360996918625092,1,0.003719425067400639,0.3314599987140767
27.563505108336827,1,0.9973081004456583,0.941241743360522
9.422986444610027,1,0.24006006803727653,0.38010898268333726
19.072715732271806,0,0.9731019852367316,0.7773383040465326
63.873091289738085,0,0.653032826647127,0.4617039380000941
62.847663020491815,1,0.9039336089485727,0.44959968431203157
42.105491299571206,1,0.967202747053633,0.8239709440034146
9.017197648949116,1,0.567829206341983,0.026819453573774465
43.33739164594084,0,0.9996913443012582,0.8648864992094799
35.27448718582934,1,0.7673299092753699,0.485208451600186
72.04591528559497,1,0.5238145560935734,0.35112718518405917
57.90266081990517,1,0.6549432841908859,0.9068349509589009
49.1565767336999,0,0.19427135732659928,0.33985935177353543
48.69820823049952,1,0.011032621440349888,0.9776973550861962
96.62968872604189,1,0.2567893476071421,0.9363564992829547
75.62942217034505,1,0.43497086171990695,0.267923212216742
49.697956046012784,0,0.228052586861754,0.3406027198236815
47.92226128889776,0,0.514035897986198,0.8121675460170514
2.647910130496345,1,0.6579441422246665,0.19561008226472643
94.25092633198066,1,0.6557938491000377,0.7319515640715224
31.917397176732965,1,0.8937644305331285,0.12915114700852326
25.593908188074376,0,0.9663190964832098,0.205605526745966
99.94089253876713,1,0.8906950133598884,0.5005058095886677
71.86896715045245,1,0.6201749593469261,0.745881726816423
4.736377329928798,0,0.20576415459112907,0.7394286435511823
6.188547702557646,1,0.9434511591699268,0.6089222722467452
2.550156396019787,1,0.17486039476730653,0.2721126738959059
59.961889951286906,1,0.15142738251046517,0.4153778641434195
7.156450006195181,1,0.317569327905435,0.24621426658416035
93.33883568449306,1,0.5736055613382882,0.27701742504079685
93.69065400226779,1,0.6814726319858042,0.32322402069856615
54.60540667480798,0,0.013292677345635995,0.5988477110335224
61.66389313959508,1,0.7780222717197501,0.2075948885511658
29.18944015252498,0,0.17501954908724215,0.04256951918409757
6.3972542408273325,1,0.2964848515130212,0.6924546517991628
73.74604451918155,1,0.32208672579565156,0.021806400605820286
10.178598874901745,1,0.3324459988987425,0.9707848178590684
8.555764101839314,1,0.7603676022094713,0.35028551024667065
31.12231092042238,1,0.04094436220217956,0.0065813723191826545
1.246565983788206,0,0.19651781839231952,0.8845853114145206
43.4035615756316,1,0.02231923115244816,0.5998045333368279
70.76809100800767,0,0.7782994567117663,0.8173922948410067
80.1348931421939,1,0.9837223383651236,0.43502471563596545
60.430730379892125,1,0.6595471592665643,0.3541818830139334
84.68742031139126,0,0.5901391809188112,0.6551894430479303
40.65022037671103,1,0.9080662133885028,0.40600087489112846
84.87720850604767,1,0.25495398636348277,0.5562085980209214
50.64733104983793,1,0.06646230513800522,0.27782287811474393
22.30361279982953,1,0.5099699049722157,0.33264540673077503
94.4145646660466,0,0.26034870317382874,0.08219076322172136
27.497087383711648,1,0.451081614680902,0.7813719867183654
2.620148418779311,0,0.45629985058180933,0.34885082697389713
24.267404295502693,1,0.3188318240680694,0.9749991454311245
36.668756125742775,0,0.4863245815830535,0.2597588241187918
35.134968328926405,1,0.3801518805499017,0.47505268026952574
52.466750944357166,1,0.11305933678187674,0.30553220053839114
88.31268820359234,0,0.8667257074057799,0.6939253749156737
29.233822710969914,1,0.701273714430226,0.8083659196204206
52.077060795916886,1,0.041308864999840544,0.4870107305178776
34.01389536884793,0,0.11578642527130634,0.36692755740621197
82.17730593732004,1,0.09651447071202401,0.7447513190638463
15.760151328847838,1,0.06174354700882767,0.19145504406402525
10.35102683100585,1,0.05905677584054769,0.599466338212132
50.29952532376017,1,0.1571123329362003,0.7336244602729196
67.18875857654919,1,0.8478694085299281,0.2692696113790727
79.55252010907665,1,0.8282332961981758,0.6556993401140194
58.96248529053164,0,0.7831464752783852,0.7352261450869261
77.38497613190006,0,0.6147065065385727,0.1174166294840725
39.27100585609238,0,0.7234935532136345,0.3239074843391698
3.2867670266468973,1,0.7384812108403062,0.40630604793418834
11.609930790155653,1,0.8893128703076673,0.7759573970598979
3.872260122899618,1,0.7323430296357656,0.56750513291254
32.894365047649266,0,0.7364593080209655,0.4495614731369105
49.54913412686823,1,0.8040811727134838,0.31877244867089605
35.63174836569394,1,0.5563548559276319,0.004061367224883705
56.05994750663922,1,0.21302879004260922,0.020220090963587012
48.06091484927877,0,0.0845424775690583,0.24044622573625862
67.79428018639403,1,0.4190435603818988,0.11669060583509261
66.69621635634061,0,0.09168567168606256,0.11958659702777541
31.806414710867948,0,0.16930403155433116,0.6027396240664463
34.62144553610915,1,0.023840011762435,0.6054553232201946
58.51478216413033,1,0.30020629103650986,0.044772109437343
59.64324678908418,1,0.9699978224020184,0.5939352518004133
31.469991363713312,1,0.3789312726644106,0.14581859403370157
33.03178857754252,1,0.24089260605108131,0.3772257348072394
69.4045013186147,0,0.40344947713823154,0.9896838596675823
64.74108228760696,1,0.3013385202066774,0.5220053632204489
13.505080467977471,1,0.6738768229283607,0.034188013362345115
44.104187967539346,0,0.6344667611590806,0.34765820167920825
89.27060787105903,1,0.027342907770496194,0.6708981588367661
3.6305676104475215,1,0.5113231558067851,0.22459788463509
85.51639464842137,0,0.03619968767543713,0.9644492369585763
16.31781570641436,1,0.6773632664142749,0.42529369789091553
50.724863246171594,1,0.9358083306272584,0.021087306742710532
42.43364289230115,1,0.907487878727419,0.5405661646129588
1.0129337341458822,1,0.20571211209092655,0.676189624352537
91.5396937089632,1,0.7426451477213933,0.45599117705173564
45.49252273343056,1,0.7930659710405652,0.9281708397738662
95.42682767606149,1,0.8643675331093843,0.9019321674656063
28.674390097921787,1,0.259598670800521,0.13896007315275782
86.62757734159725,1,0.45083484597216006,0.07994816734445687
92.23895739956305,0,0.2215044290365904,0.3123089974307902
55.68324163707806,1,0.024309457211191376,0.6081326622676865
20.26777878677175,0,0.6590126278649572,0.6015953143153395
68.524743210572,1,0.4314636178931456,0.2716430997250232
54.89780665294602,1,0.2481168805635673,0.9511005467770005
94.45296658526259,1,0.8471039472996119,0.30733171671553405
43.927206181049186,1,0.49568063997920286,0.8041994361011563
26.8513647639822,1,0.9946576772125906,0.8319801805847017
13.828700149410711,1,0.7933578269389671,0.09843501892734252
69.86335686866795,1,0.8692111997359199,0.23255291218085195
97.41096189805822,1,0.7733322487976717,0.21519150795024367
2.8343770571398474,1,0.10592489895062163,0.9196513167747996
74.04453547781267,0,0.06502900065367068,0.3511049239389352
92.69303625596666,1,0.9150787726144635,0.8364713333915073
7.478153422734934,1,0.13819718803980208,0.47801800217727497
11.017004510613315,1,0.39122615067426025,0.4572190441940204
69.19570984497086,1,0.6099110115559309,0.9034213575932442
64.79633758957884,1,0.21189834990199563,0.44090140719442705
6.8827415316245695,1,0.2252850437077768,0.7448519172309263
83.44227521511564,0,0.4662413422913765,0.42437750179036715
52.34238478448924,1,0.36089509145992715,0.1018697365763126
90.71973733366126,1,0.6765756670198043,0.05309479449744814
87.79908809927043,1,0.0750761955206275,0.2082401769786979
81.25077690501658,1,0.48875866947781965,0.7222680362271039
51.58988962444213,0,0.17425991771551697,0.3736497201004947
25.171064174943226,1,0.6067250090007481,0.4541075813875254
50.59755039111325,1,0.11621329176034312,0.10187639851754826
10.081137780178008,1,0.19763186652941367,0.6230375997880595
65.88461484734262,1,0.8038889828433134,0.8034482104019519
13.397721922900763,1,0.23516699003801378,0.6246832440043619
51.11729625007231,1,0.7370653387938256,0.9846140818253062
5.438197416681778,0,0.27306269968819097,0.01634139151247116
29.951249027464588,0,0.2350275052338311,0.01566982725052124
23.20804606697878,1,0.2991547828812674,0.5000056031150403
62.00315427116705,1,0.8809319844227486,0.26640805887705676
78.67867120225087,1,0.397165659336728,0.6865104053510038
5.730295454052614,1,0.24376052988397368,0.7932101535531324
85.02836851553842,0,0.5366394736969131,0.10243590878299969
86.07676949546045,0,0.38564141178513567,0.9173382027462357
34.22690742880228,1,0.7901975197716632,0.029922937806101113
65.90040659703222,1,0.9904456183130277,0.6884039277944968
40.26130317034495,1,0.5265744426658336,0.38450076625728913
15.41908821896315,1,0.4517488976528493,0.6674392128098823
52.866241856311035,1,0.34303539831388563,0.09763632161089653
8.635967450159665,1,0.9733387322701378,0.9370803194387888
87.84721553959879,0,0.483283276004682,0.9374083398400184
92.42897594096085,1,0.1779968599360494,0.5194008141761117
82.16131370114036,1,0.9692159053846761,0.5095845340651446
56.25281207559786,0,0.960882125999357,0.6348081878137043
55.7598591125455,0,0.4357250523350765,0.5800689505475377
98.46073766009297,1,0.34818601303295715,0.5435465668275113
24.79016898311829,1,0.6804374466886354,0.5891911488859332
7.594836590520748,1,0.8289241307856099,0.8586301721786694
56.19409236011778,1,0.49853213228352744,0.6110667795807843
32.87855978101033,1,0.3308129910530334,0.19583435479674471
32.23387728080442,1,0.30139401086301343,0.9139120403792083
0.7085354169948044,1,0.32659872721441807,0.21596061858284576
59.6239409547933,0,0.11803294012241006,0.16516169479102483
26.403370227561407,1,0.7786204363552087,0.9970578290638613
18.7858548192681,1,0.10495986351913644,0.21341669445302824
4.043193139300372,1,0.39831449493385274,0.10009335865940738
36.43615764756113,1,0.834943337140865,0.5620072108693006
87.89688723864573,1,0.4041058956918999,0.8271937436749931
33.66708075973723,0,0.29476179792595236,0.06075071986330216
67.90742101195937,1,0.9482537238032672,0.4901041752182733
75.65469634019072,1,0.12654375353301062,0.06850234045698911
32.81008091901996,0,0.8848539027844743,0.42869111788928294
82.16407350120413,1,0.062076798736804606,0.343960128770325
69.1879659666949,1,0.41352941285256994,0.13712941813305646
55.92422287009515,0,0.6317210554978671,0.9310210234302159
0.09924640506289162,0,0.3700383841416809,0.6348869794523638
3.509076592280813,1,0.5346064209614584,0.8430563005782071
99.08658441060633,0,0.20400166658718222,0.9059445291815099
78.22839235035593,0,0.5690345174668368,0.9301853309884875
93.7565258772947,1,0.13455871689923815,0.7481146163693787
90.23032049180276,1,0.7960963160895763,0.3069483152341973
2.0442983142750837,1,0.5837899134421298,0.8289326188553535
79.18472897910739,1,0.48193211481885256,0.5201829114820699
45.11457440111546,1,0.054666795833081316,0.2716539218267705
78.95582040006556,1,0.49977433591672227,0.38577380999391975
0.6715784163385141,1,0.5635694303612403,0.3012235307731086
28.819930120056426,1,0.26566751340716455,0.4662040400030274
75.13237757913022,1,0.6775903409082219,0.7813351381209122
79.30207886015897,1,0.07676514871352058,0.48486734184253344
61.9714601214624,1,0.20868908144849574,0.26785857809098146
30.125618944626375,1,0.7375485173242352,0.08740307467903075
31.03625912878629,1,0.14722221892602416,0.8557560871295988
96.67639636420327,1,0.2455488196226161,0.4173686067763447
43.92121792342045,1,0.6508553479043843,0.4419225453746177
44.712555024383704,1,0.7288417038111124,0.7637215702325718
55.23327502406995,1,0.05148925462343201,0.8497264958648096
40.95023368643888,0,0.12658941325221507,0.5111449079746705
55.267156459741415,0,0.44611800584326267,0.6323678338085871
43.233542276755784,0,0.5927949448321963,0.23915670053898352
82.67149196021867,1,0.4537812343456108,0.9350679455660263
90.9051019798284,1,0.6470699928117579,0.5679212680617419
93.21102598153617,0,0.7559929065219589,0.7196048904951929
56.429620582938654,1,0.9495438475079023,0.11421305435257079
44.21485574644953,0,0.34988071312944713,0.6369209523577165
70.52400587918379,0,0.1631047685044661,0.36894978240353316
83.83235912959066,1,0.2640840042882039,0.45006297517849003
56.29822420663771,1,0.14816444505179105,0.6821620323424028
69.99810218222613,1,0.3942456419729161,0.7963275432084448
74.9729350721248,1,0.8725672659015655,0.34936523833503175
67.63937767172867,1,0.34705989694435657,0.8732368522346308
74.61335557293096,0,0.14882270222259675,0.21899030419169507
20.864533255599838,1,0.5226328820229693,0.5628982332626181
49.83745470217975,1,0.9919438166601401,0.1512654803347392
58.82685546050872,0,0.18818121866875948,0.289249772394387
0.24779308570230807,1,0.7778749517567218,0.8954114693972594
85.59625088136819,1,0.8233589435743026,0.011556776074954644
61.00245084449121,1,0.40133834350100184,0.9156111886454469
12.913633169820326,1,0.6195514386645249,0.32840203391386014
81.63570725758271,1,0.4323734507511886,0.6957954198770839
71.70569664405446,0,0.26232693653997186,0.09171829443416779
75.8299543463637,1,0.42611880007236025,0.6412714623366417
39.20424618618562,1,0.09529013663007158,0.9094612797651885
85.42025066949921,0,0.7069561136608927,0.555201925399983
41.402758213236226,0,0.8291930316293041,0.36212149828347584
57.05091529455913,1,0.30739993337048277,0.7935776200961938
0.06423036998737253,0,0.5664768243799825,0.7127254243715928
64.48731146778623,1,0.23214853203943642,0.11769256092193647
71.81757921279367,1,0.1274604501728117,0.6657015368766365
56.71093654887923,0,0.6636185651121598,0.6646558460848796
49.655881704361605,1,0.13410759650791237,0.7519211673596979
80.99364737117082,0,0.7819790692061673,0.3163068651402565
68.13727171652418,1,0.2717545487509241,0.401277981640796
27.807403972002298,1,0.8185133930026607,0.9600380565358119
95.90733380799858,0,0.36850457439042694,0.5734569207777928
70.72671941953408,1,0.3688425926429848,0.5085049770981446
98.79389289124246,1,0.7505727606724842,0.9868496922020976
97.12613162688683,1,0.5102657746354712,0.2295576318960557
91.89097228100898,1,0.20097742640987393,0.3979369100588197
75.53715412253077,1,0.850408548053435,0.759883561595789
60.942936849696736,1,0.34015320923575953,0.7131005812860445
17.21706636829242,0,0.10277676083840148,0.9667006430758821
54.33514174237577,1,0.4160010449228776,0.6543003408030842
76.53765223943273,0,0.573961763169679,0.31309497324868596
52.08571587055678,1,0.6098853339390975,0.39765196705467487
86.82391284056578,1,0.8356078453038202,0.08971292401678987
10.965589919169826,1,0.5414068237934746,0.9237202583220797
38.094034804863405,1,0.22371048306735009,0.12866802274619238
50.596441859365726,0,0.26166633073590806,0.5457037240764476
43.23252958691081,1,0.10084058829440268,0.40139512461746796
10.858654782155309,1,0.7359242892362617,0.13422361303273744
15.352829404463053,1,0.10594154649975795,0.2929922536247981
83.76172928554871,1,0.6058126322747955,0.6335690159041251
48.4384259201451,0,0.5969473940466132,0.03125149111086578
4.872242675272764,1,0.7855035569753578,0.9659895333512928
1.6491258977649914,0,0.0746296996854211,0.9090956179700506
47.34754019943266,0,0.20291134351117135,0.08460144632650302
16.437872592444368,1,0.9095623770231385,0.86835354835389
70.51259459992218,1,0.5722368294620122,0.3285712185482469
79.53234625277513,0,0.4576902131100785,0.0675044485257742
22.82967084571056,0,0.7476762654622817,0.3061128342918956
59.217694488178076,1,0.9025304510891583,0.808887494217285
15.4444643485386,0,0.26300963694954893,0.6658314521679224
30.3582651594387,0,0.9014756288113434,0.23855960067038873
88.87954941814333,0,0.10869462604075364,0.7191764765702419
54.40980914823108,0,0.977683047729878,0.7078211145105391
88.58886951442001,1,0.16485182509961016,0.7428613635069439
22.524780417950694,1,0.26623636860229394,0.5406566676637397
33.002434324866606,1,0.09659394009164124,0.818945652120703
47.095213845681705,1,0.8036765068866004,0.6413622179569134
48.00800751945429,1,0.9842320620416789,0.12539920974439245
99.76479671837004,1,0.2969765085697681,0.810255987755335
11.44453189711301,1,0.32561196040179385,0.3237681050444665
85.19650356015907,1,0.27897990338000256,0.7050347181972936
86.36820394218702,1,0.1548281002149251,0.6751317060918057
55.31986315377873,1,0.7874442167386926,0.33591252103671
34.403716825915374,1,0.06071984000912245,0.16168365848868216
51.92261042882962,1,0.9677741304742827,0.6949580879403576
29.24677048065638,1,0.9273155245090483,0.84902335307941
79.91074484399395,0,0.1184390852842464,0.8382313169345351
49.827915871033014,1,0.5295238512104824,0.626504841866366
92.58421788774506,1,0.9928513586443369,0.22740726973478476
62.26913443560438,0,0.8526192490484263,0.31620996730295114
51.431933311468335,1,0.7151337259585594,0.7546276809393766
71.10693539776523,1,0.022460945440901936,0.4108539297069278
50.39329644302343,0,0.06837744536824142,0.7324974184681805
90.45063504194472,1,0.7940170984426924,0.30944999259312567
18.44459608868413,0,0.37644485419096874,0.006318246536731964
97.33486837459057,1,0.6684318774590476,0.6034900646563243
81.2190551851192,1,0.739181627043158,0.6009163551054006
86.07333618648696,1,0.4221841775250891,0.6275546827799966
48.290783237107114,1,0.14338175070077952,0.26818563576848187
83.72015493375974,1,0.3866945030792118,0.8110709503115889
30.677408357720516,1,0.8710484423186046,0.48746683883036535
76.19481785641752,1,0.3310857790319788,0.7623879089848471
14.045015838902264,1,0.06264944259457306,0.6110934643762647
30.70519159625087,1,0.9591314171847817,0.41607081480232067
44.57326633597328,1,0.6806769089738685,0.679626846640612
32.23197181434219,1,0.5408567519375659,0.5749773560120556
38.70171156241836,1,0.8291073466812379,0.5107111333978873
82.0104744783698,0,0.4111606780970959,0.6485605259193069
25.667589214216758,0,0.9851157940105953,0.08593897636692938
74.52811721545723,1,0.8575730693978237,0.9102610893554288
7.371206911165185,0,0.28054474165599075,0.33508204608236036
76.57391075150608,1,0.37104798717763987,0.2246929635870294
79.2023242829773,1,0.2757429641984457,0.771796357676178
40.1698775502482,1,0.6593408428482387,0.23122188709251823
72.24778231674705,0,0.6393319310674046,0.99576962320106
91.51384037450991,1,0.522505873512717,0.42049254156344296
80.07129735545269,1,0.965840374572831,0.2966244086631433
39.044651039695985,0,0.4722752881776897,0.062065072626073525
48.421351428006446,1,0.7837223941965653,0.04180417736382014
77.93575447858055,1,0.6580951171766698,0.09514056114036795
29.259458984912357,1,0.5181849401446683,0.005032828812111867
80.38827403088735,1,0.04209510721139831,0.3270899794059403
32.80711425609412,0,0.6574950238201316,0.31045440010080594
80.59905823855381,1,0.6425950842762254,0.4300917454385892
8.680044335072335,1,0.12487399459254811,0.2329229232410981
4.439729691059013,0,0.7959149753606658,0.06274115794411983
99.76754473698223,1,0.4669940834450421,0.07116252795294875
86.94571232346891,1,0.3241460144048087,0.18214637530518296
88.28475034662038,1,0.8239593858459658,0.3165895268691147
95.12799476066175,1,0.3433709594978237,0.14799205021551232
43.831630941448786,1,0.6218507912838264,0.36511782361442935
28.68355546801522,1,0.6179148014564922,0.9222201533621982
13.002499501790298,0,0.05280598257326696,0.2616030095296168
50.120913353846454,0,0.4228336305747159,0.16839931701264688
22.004832047660784,1,0.22277874993195645,0.6647762530022318
93.55508567393197,1,0.19957066190105588,0.4908810379606986
0.40031624427790957,1,0.6549618886272098,0.047254015809257144
14.319673774312157,0,0.011409995285753705,0.7878073311663888
24.647585308342677,1,0.9690789782144964,0.715342971853776
19.895671159319505,0,0.39539100600482113,0.9772983617403412
22.57784365797103,0,0.2988035284449051,0.9383066195622957
65.60476050611784,0,0.9199743999374573,0.584248293625244
32.75120783131492,1,0.48667214210684495,0.6860212935806126
61.50243819033733,1,0.6143252514852777,0.40950682398682714
89.02579336462912,0,0.6958507486369615,0.8884671865290465
60.2556765525702,0,0.8714112734844635,0.5528088251993479
69.45327912863814,1,0.1297419898170561,0.32555132633504547
36.55032982213573,1,0.08165317909202363,0.009491491909582539
15.973846762270917,1,0.9937107843347391,0.5864497649769997
32.058406244990614,0,0.008883801626070498,0.5254338905148945
96.4282648704108,1,0.7081947536150259,0.8118771778631032
62.181138445313714,1,0.611065361958621,0.1870046263066364
27.75111194340152,1,0.5525510217091669,0.8154012678473412
45.09152671621038,0,0.7858279591800934,0.015283610255563573
83.55130374309944,1,0.9924729476354587,0.5873133776997324
66.84435707057736,1,0.04688582149392739,0.3968524012448811
56.065284072916825,0,0.6145304926431803,0.33152052134239174
88.5162876633841,1,0.7167776685390507,0.4332959671667206
67.24395722167903,1,0.30593930617301857,0.22359148619907265
64.27297307910955,1,0.8928613849209311,0.18342565309997516
18.976813721076812,1,0.45699284144971186,0.8051068840014496
10.638868301240779,1,0.1644784619519467,0.22775830023064736
96.51421170573991,1,0.8544078160203,0.736971994496366
59.88583701003527,0,0.9429256204246439,0.7113605444426323
41.56834091464291,1,0.0995149183687436,0.03340041570700247
58.902082091021754,0,0.7516808671545532,0.8810724201875452
6.181196107171538,1,0.21501421916521968,0.7893551300933803
82.21272739041068,0,0.006722217669021702,0.7960672494233842
21.664553556433596,1,0.26061382288538826,0.8091910522190269
80.4546006317947,1,0.8549098352207469,0.5825532290750638
53.43784432636106,0,0.14118387678373234,0.9933808668877622
27.657201365690277,0,0.13066888299846058,0.1791521404774551
3.020994824207046,1,0.7390477062001563,0.07233593094167479
81.58333553266057,0,0.4063596385646381,0.704167472379422
17.646014146930668,1,0.148486072534602,0.2939372373956862
5.180511563987345,1,0.23000037648217175,0.6082332239300527
75.58777308258809,1,0.7946019249856044,0.39170161293884265
35.00432223729788,1,0.6232687900580196,0.3335241585010035
38.933400559165,0,0.7609287725664985,0.8932486245948724
24.706758728071897,1,0.09777323898803769,0.1420434586119319
85.91784786968971,1,0.4581042828497125,0.18898565439364912
29.732952610653207,1,0.7971062507813321,0.6678408528700807
21.019256975102387,1,0.265792750868431,0.7826010127651298
30.92497263361561,1,0.1691889683760286,0.8322144919849215
20.314957516739696,0,0.38178389381719213,0.2311497163422519
31.765522080520746,1,0.3333799738387807,0.8821134182894539
8.293622286817303,0,0.1854727788822036,0.6095506564245553
15.853002911945834,0,0.9539449253562585,0.8232184189140432
41.70528833961479,1,0.4830984045554402,0.06852194020321967
87.94668555898764,1,0.6080763561099246,0.35689433598542153
5.729074672228585,1,0.12110690874959507,0.5248639844906688
21.267470676003065,0,0.6100350881315129,0.5769570325822859
90.83456755415963,0,0.5553226932084637,0.09907155407370616
89.00146741599217,1,0.9319293277730326,0.5386582446021755
67.94508332959413,1,0.4123168010720437,0.6654864330930246
24.047355409523796,0,0.782062100476217,0.3615950857646727
41.981056105578574,1,0.304180978462122,0.5007392442806308
21.122099443796504,1,0.5789403563278805,0.2925664216440599
12.858850912520325,1,0.9269703972441979,0.8705002718719854
37.99983945138915,1,0.6250713107588963,0.5992066066900263
57.58216050703502,1,0.7111586837665084,0.5512738961358957
35.993267546480524,0,0.8759845252025904,0.9443574258777101
61.082455046596976,1,0.9254243633087995,0.6649315236601092
29.625473537930546,1,0.2082748752030671,0.27982344153942806
34.58505277607903,0,0.19583803162918523,0.6417530811939492
79.06735916446095,0,0.5504761269087858,0.9616234566532215
87.83147308938581,1,0.9955163763063611,0.023558255927298544
32.20340815310521,1,0.49015232331077996,0.6265910070109942
57.15158013452763,1,0.3309049631034272,0.15683496088644933
27.816228389226804,1,0.5372612749330885,0.8164595110663893
5.333464170742753,1,0.06439577411570185,0.640684529641257
73.7857181360408,0,0.17720677030991405,0.9369894929695665
17.100348323615034,1,0.14892041734650996,0.6695778620974299
42.57125237469172,1,0.027915545071051873,0.017218893157644688
48.70454933791568,1,0.7222123030452839,0.5103538444008343
18.447158417910593,0,0.32547454586182356,0.9036680636161553
9.455535066339626,0,0.1685363112420898,0.2323030041713291
34.80130146710706,1,0.5122437705256234,0.08289640417988486
95.22859075503185,0,0.3234444059720648,0.7198878692218418
61.51355899884214,0,0.3930177707980791,0.5025085669391199
38.14102284029025,1,0.3155318170618111,0.047595261394701605
3.8910820774214927,1,0.003983514358832152,0.27991523243942407
60.027328139108185,1,0.688328864418925,0.3267486476430953
9.225764093537258,0,0.11069047873405968,0.667861477987502
54.25440710475263,0,0.21914239706296945,0.4716002207107661
75.1950508271743,1,0.1903170435638315,0.4871903265610852
42.358534829478636,1,0.33136729549870747,0.8066036995945775
29.94114948165244,0,0.1601976794963561,0.2784170985014631
4.73842338175986,1,0.34695212418795407,0.672572741575309
2.4777875161596796,0,0.24326434580773415,0.36755730482872495
43.00265696455212,0,0.06121511317241102,0.41837004754660434
88.33452707029679,0,0.8705629771698292,0.5559024131707608
24.40627787931904,1,0.30558110709871145,0.6956468048022921
57.40555057818213,0,0.09528214637638055,0.9451952608993744
68.43058196797618,1,0.521526378952123,0.26901116255827295
6.082986750136143,1,0.12327551836880324,0.10374521964207539
15.31003758033771,1,0.7730932014568469,0.4287919226726037
33.12767934195671,0,0.06157794323983956,0.5467159988176729
67.00931741485705,0,0.4646359499442313,0.22800360403922315
43.90351122280969,0,0.9438263301157783,0.890495773964752
73.41950682182453,1,0.15896905365841352,0.798847015879557
86.75978655731925,1,0.20136867690549798,0.49366391344219385
75.83722765985429,0,0.6004649113952157,0.45006393303558867
99.22472073132491,1,0.9798540715953394,0.04074125670461248
75.43610687316496,1,0.38583574828559375,0.5368897327762764
85.21791950074505,0,0.6486450927772066,0.5957470954238873
83.23663584650009,0,0.15231706278163393,0.8916317814524498
73.02657622800466,0,0.6413971332643023,0.5010980657464822
80.18018166558906,0,0.2526620649548932,0.15737742267812926
93.46832278674103,1,0.6132876074913306,0.18005690122334894
47.52073785262926,0,0.08866120808360944,0.1598674185234309
63.82870239125435,1,0.5249690217053291,0.9385348740555611
51.49397215727727,1,0.2374049946732404,0.7933892573604072
85.1036987192073,1,0.6817087033294134,0.8247661263200536
43.13596028715073,1,0.7476697870683154,0.840433518810454
81.97267711447329,1,0.8481425305593974,0.09563464258992527
79.93545750571388,1,0.992395368919082,0.7021768561816121
96.18861013685905,1,0.459354779653232,0.7043367125220251
24.89206992574188,1,0.6705944172073243,0.22482170793074496
70.96195098859123,0,0.01842371625212169,0.4906657702392374
75.69194976474863,1,0.9050870333062111,0.6624308841184847
93.62784928046656,0,0.615743145528579,0.8973364369126305
90.6902418055531,1,0.4213449792732371,0.11042551092998354
57.35258617084483,1,0.4343127427606507,0.892193154006635
57.91531858639798,1,0.7579956463603956,0.9224149665938393
16.72912284042294,1,0.8334700035358941,0.9236098348240473
97.49627024237711,0,0.8079036763148518,0.00483489210517829
25.501746270342686,1,0.5105846530470237,0.22099877275481883
72.47362184512922,1,0.3711466375680317,0.6912452360253712
79.57950048053125,1,0.9455393614155355,0.3217397809882776
44.121550461138106,1,0.6341995247702099,0.06108329151586278
21.119372002905802,0,0.5436534089942116,0.7629420805492708
18.896038421968676,1,0.5983189320282927,0.02859219246508682
85.64960009015917,0,0.6298665081862826,0.4460213279321439
51.07564867485148,1,0.713072884106904,0.9475760907554891
9.01369820382667,1,0.5531846950411659,0.4402328263640848
71.70194727628886,1,0.8753553544574786,0.9118872854028065
25.01710528050296,1,0.8597142142737162,0.40900424592922047
87.63947507508793,1,0.4422577446528374,0.3466861091019595
30.957178602997526,1,0.16853611212553654,0.10738280259902344
20.027083009014312,1,0.5766557137711008,0.3580909090271992
8.485844355493432,1,0.6207395221311821,0.3369864900218065
51.15311366376475,1,0.5233795739537352,0.846551185976985
45.07375878182873,1,0.8905778132739662,0.9199151742159861
75.13121446031428,1,0.0930202570243659,0.021930085753329887
46.46025871930364,0,0.2874185048352005,0.09825641054700074
34.3815968924371,0,0.8657898463226186,0.6432284670901832
26.165491563294406,0,0.9394133130222055,0.4847428880904944
27.81467454699711,0,0.4259250747025686,0.296878635047096
92.78479018278139,1,0.1926439818409379,0.259907059716328
16.50786020878123,0,0.4203294965099348,0.22467458951861985
98.81764245571502,1,0.456166445424136,0.5254508692581371
32.69194551922248,0,0.5195693781625502,0.017479936487160064
8.839023541749746,0,0.2743530801829511,0.738884376468958
24.8690380787865,1,0.31262740711682246,0.30038800789073106
5.8414379554618705,1,0.655587631346092,0.42683145123557054
79.00297691639159,1,0.6217941509966394,0.5270521978420586
51.255291254110546,1,0.6621025151153346,0.21135960272764898
33.69866188668009,1,0.3772849831975811,0.8837026474237021
66.20496046315625,1,0.33645683849989216,0.6820932551782672
63.06465259503202,0,0.35153867297293895,0.8702963420696663
93.98720892275902,0,0.9511764854896684,0.47545060526423466
96.12605167483797,1,0.3952451031443228,0.4324604579894097
68.06837756654053,1,0.6061323963379256,0.23714256850914162
81.78159272441685,1,0.5228431871665385,0.5448403612074593
79.24251003351786,1,0.8762218159944921,0.5931635733179066
49.13035326998998,0,0.36911680077947906,0.41992337704183724
70.4458288033417,1,0.4341444443561705,0.14538256031263896
7.82590076835702,1,0.8427942887822104,0.27310446229560315
75.8021083150307,1,0.16095761402990583,0.014251509517366756
96.18330071923677,0,0.5942945478753,0.31913876781791417
8.497475312573844,1,0.39990820764380397,0.5807589766242067
83.61157845918545,0,0.9857915589252276,0.9557110978370051
93.29800266492713,1,0.7213841168006198,0.17789679638942857
22.618888980206208,0,0.010556262806128203,0.05546453052747968
52.481118760920374,1,0.8394739004466438,0.2963112878714621
92.78582254629885,0,0.7031796561813116,0.15679769816860312
96.02260045229679,1,0.5609609155826433,0.6955189968940562
12.788238435231635,1,0.23612847588431707,0.005749164526665629
34.90042255554506,1,0.14931665040769027,0.9808670922728795
69.81446411508566,1,0.628399562858418,0.8556666752623509
22.15584993859303,1,0.4399402728137639,0.49067059207537866
32.47706286344808,1,0.8616203122311297,0.9209422198069069
2.3291060004693276,1,0.2623735702776713,0.6280593326572771
15.35216809311989,1,0.637519980846249,0.9937648766891695
56.23294944177438,1,0.24884303665901764,0.2783062014094674
65.30900663041828,1,0.6363170790932884,0.9969061426175135
64.8911831095837,1,0.04834464221571333,0.18024729212207224
77.83604707782168,1,0.39170742681438453,0.35341836763904033
41.528141373879144,0,0.17268561586575137,0.9353240803400945
27.349071624115552,1,0.6059339962234745,0.37054228525371846
1.5580700042524986,0,0.3167280531777318,0.20983637706986658
20.66298260523869,0,0.7715326176767493,0.05948710547322911
31.238781220203727,0,0.11459436043001825,0.14895820972210694
17.820685648046553,0,0.5562130669192423,0.3552234403211858
2.0144471496602256,1,0.5936778629416548,0.4212320524687089
15.744760866519158,1,0.022104099720065995,0.5424511344202396
66.60995535675724,0,0.03598571085049862,0.8135879945271807
62.95854164725958,1,0.30824017232801837,0.013414849818384145
93.56836393980424,1,0.6090754394119121,0.8411161312305768
79.81682913973093,1,0.9626299951622065,0.5772493430231092
56.77561168411912,1,0.09078350998866302,0.756478058284502
13.755634749321132,1,0.7031627732108057,0.7569792207075243
56.40718189251569,1,0.6927161221227769,0.9032026793072856
6.159506091418077,1,0.6694742435034768,0.09338020883434817
43.088489741085276,1,0.5161473415322018,0.5715152883564049
39.025862894719545,1,0.9668259506101438,0.9090295283948207
42.78138093629417,1,0.5017751384886814,0.7192063140382192
27.982591839478722,1,0.8382970791992078,0.09658491149653792
68.58304476238237,1,0.26252060287466383,0.6139643108797569
84.09444672987794,1,0.8063084993068551,0.7998809092009446
76.85169925989776,1,0.9965457339389333,0.2748617863056988
62.775209579088035,1,0.91008598777376,0.6324932350167138
53.834479933301324,1,0.3040717187519454,0.8404122213941442
3.108418000803037,1,0.8461574758483994,0.5238669559081546
72.29339986919211,1,0.0952571230287198,0.19418720084542562
54.49829395784974,1,0.6777075596130526,0.5496821221167442
27.074105066388686,1,0.34214623298668656,0.5880039331549485
32.78420388534416,1,0.658670089595598,0.4028527722340598
93.56067864697414,0,0.41224900757946537,0.6796166245275972
62.436224511722706,1,0.00903314982532244,0.4333328946883943
47.59124346575283,0,0.231276554047951,0.877405087654474
62.09217397084077,1,0.042386232858316,0.7916254675121819
41.374232498565696,0,0.4272699227998513,0.8047718658491501
47.01822732030162,1,0.8400712867281831,0.5260767052732854
29.03092567076704,1,0.7379967589750783,0.19634782059067057
43.985330059164454,0,0.7889121862440657,0.7244218191083316
68.55922324379105,1,0.8071996488047292,0.06892135157943158
3.994192508646921,1,0.3719397880434755,0.5175749361529872
79.50274072961548,0,0.5060257294933985,0.05297908148151742
28.297954086131284,1,0.5084511700854011,0.5284186873570117
68.25597934324998,0,0.11320851693607237,0.6859221691289052
64.272531468006,0,0.5981421221282742,0.4191982464192985
65.26280491413054,0,0.7201797790003355,0.4169031665543206
60.81289162558029,1,0.6109678191132942,0.12279385027416034
95.91018380695348,1,0.7459659347095227,0.3018496052983596
50.83441626953908,1,0.11889126812485673,0.4442737205850066
73.23191155153515,1,0.7614089463341772,0.8635621386302259
70.54493312345777,1,0.20814010336847644,0.8979799023390764
23.626757727833038,1,0.8768268228395328,0.9535801020075854
28.33058391868256,1,0.24493131235079557,0.10026369712668037
42.40170981569678,1,0.4919923836904402,0.2962108112688876
27.769793046320924,0,0.48726629665663423,0.46291291875334795
36.67430989299597,0,0.2688503203920135,0.6417438243900523
39.09606139283059,1,0.36170958441959444,0.7027984895994934
60.3864560938344,1,0.18559674907559198,0.7860162886189165
21.98900427350616,0,0.5701006974585494,0.49587381006015385
80.42918658766874,1,0.9130280253334802,0.5565842666268949
43.75363567715046,1,0.3166075723616504,0.9605706890515447
70.62441116832468,0,0.5080626097714577,0.24002827978969588
8.144248124081788,0,0.8618806119086495,0.8037597428841746
46.99653941243669,0,0.4524990469454725,0.7118180343574544
2.821953217732831,1,0.8312603284579195,0.14008983672810615
67.59099918155648,1,0.4463906651698697,0.9264916927181045
34.37100769970696,1,0.4402424667108733,0.8553561561264484
94.92528141058287,0,0.157239962179342,0.7795046528967262
32.412421460141935,1,0.12497882442661401,0.1267735837535593
56.380589801772686,0,0.6114967442944877,0.13967053109285044
25.73875756946147,1,0.8273335246787206,0.6831984581985744
62.01126289473403,1,0.13540648685019363,0.10727001517909873
46.704235013323455,1,0.9100939461069877,0.11331560590282908
37.06282615056329,1,0.35887980186433643,0.4002794669541091
20.368934908017987,1,0.4252572065208218,0.005377888775621842
11.152134397145531,0,0.8944534020181291,0.7214834028159948
11.987913395667327,1,0.8962964503214064,0.5402069931748266
99.90400175055531,0,0.524858876911572,0.07817414921465082
41.23107268572347,1,0.2767649444533409,0.5435827484623426
0.1929707873339459,1,0.17193947233817586,0.054087872876927956
95.29287906260143,1,0.27158004743054653,0.0706961059982324
1.9979924229812651,0,0.7806273976251249,0.485466190151454
41.85861255545337,1,0.32459080221364955,0.49982325051564513
71.7477585970656,1,0.6945614610330086,0.33899477289320334
91.45992443717617,1,0.19520082227959712,0.6217714583118317
71.2886291432101,1,0.4785036326888996,0.38735840265479105
46.36257549000118,0,0.3521062160588222,0.5869605790129874
97.44420389841034,1,0.5036123233202306,0.34978493739963423
3.9319383033270427,0,0.5699452909201765,0.7149669646589756
98.6892202538008,0,0.9909349646344452,0.5792861174595676
84.93915517084389,1,0.8998950471892022,0.16004354684222755
92.89300171263591,1,0.6958664775241907,0.6862688551777198
25.477242409753664,0,0.1537434705304187,0.7839359225334585
14.245807228426976,1,0.9190285563392183,0.06587406795608264
66.33152793727001,1,0.8925860707079997,0.6099605953006095
51.585943798612,1,0.8867034300742388,0.7904296560130725
52.316796074437946,0,0.4790168643530559,0.11465289777860344
92.46191784832176,1,0.17070671106105684,0.9016524197350311
62.00809066532622,0,0.7544032149689216,0.414798786252756
31.10638351045899,0,0.3885150389904235,0.7378398210987182
40.0066556417876,1,0.34456828969223496,0.8990498468292674
13.349583509185125,1,0.39078201255927736,0.9896371508702831
19.23140402756893,0,0.5590705574658124,0.5839250640312897
14.33500702095385,0,0.333518830744159,0.7042739285031542
81.02913412113544,1,0.6899206109981184,0.2516996741174199
70.48734679721188,1,0.6477237957436626,0.29004637218538676
53.03450176108518,1,0.5088626138269003,0.8507694269025948
37.436783362757076,1,0.05397323168549528,0.3982439036523395
66.84942903243505,0,0.9365426823711723,0.8224339544280378
81.2905347695761,1,0.4116962831203902,0.05059681453845277
88.1233215671709,1,0.44945319428588726,0.2182534217929124
54.701622820633354,1,0.45603251224316566,0.17009408897015288
81.98851218197008,0,0.3650279582384691,0.5270674697024573
51.130595341269505,1,0.6745879106180097,0.08053054755662958
47.45300891878909,1,0.013917695823849274,0.3438704374213081
86.54318556221003,1,0.8735083293106788,0.9862451098505963
38.6373936264664,1,0.10243902526956028,0.7942171367003721
39.59126790407023,1,0.9997136751048175,0.7605914129199614
30.491134528491614,0,0.628082629176721,0.13511469944054277
51.870172829461666,1,0.06624647410468398,0.3645591065820133
54.485003368946074,0,0.562437059426841,0.6805879712872539
66.0461145310457,1,0.3313077924656147,0.021625237243396267
43.05023101095705,1,0.9530432231262337,0.43397649097612745
21.783729188359935,1,0.7554710047818848,0.9285897892227744
86.68420624138759,1,0.5070146686484364,0.08233980689960785
34.60008672380144,0,0.4297773995074745,0.9062593387060004
92.29434198401746,1,0.9958688657895364,0.19452162452103605
20.735333302645575,1,0.6673840849607608,0.18910722334413121
56.00574762362305,1,0.5139297423912409,0.19543595876354314
53.661509352945224,1,0.39794411742029534,0.9312560823032116
82.86478479269952,1,0.3245828574405618,0.6037449943936627
13.885138675082976,1,0.7054194238016294,0.750788945296873
90.99371729174614,1,0.5878855149060273,0.3664076060846715
53.14281721720702,1,0.8481848353039325,0.8732509359731118
58.61093839143664,0,0.5535607233033744,0.5819371359149375
51.016629329776706,0,0.5823313901318106,0.5998349332065411
3.602490683626647,1,0.47735649484318043,0.7523210520781373
49.70906618065981,1,0.7626209462910666,0.7736426233391618
26.354966267699055,1,0.41499217609851824,0.68186357158629
34.26881803778314,0,0.8519396047299149,0.11890993359587532
64.910159918714,0,0.32704476115479997,0.8667265927332248
49.769712947410596,1,0.6926250463809654,0.2608991160852637
9.321821266746044,1,0.8929708990996522,0.9961941583429196
7.304127476175893,0,0.7690738636961211,0.3855079317685932
18.565769561737035,0,0.3426081425159513,0.11999729759892763
19.088514657222365,0,0.7063390029507729,0.3160865025891958
60.830075697136486,1,0.20698481460997364,0.5735342436006973
17.78144640455428,1,0.058165079451809376,0.39144623820241986
88.17194232747705,1,0.7913817396448508,0.828681688969221
20.976066061341314,0,0.8080091152316655,0.6822062954204763
9.113144542638263,1,0.0229309389155975,0.21345056560408382
87.57460163596468,1,0.9477950138699737,0.5388533049632954
29.5327576076733,0,0.44589982690516916,0.7875320001982344
42.54226298337358,0,0.9052721474353892,0.8912337515525645
95.90263840124423,1,0.7881745256449069,0.3949443349080416
94.43692191577739,1,0.9006535278087123,0.924464720151439
71.49168892649178,1,0.8333756331170686,0.0359694596194714
6.893895173255471,1,0.9739953695868242,0.6766912021797683
59.33401254113975,1,0.6291010012757868,0.7819847448421914
98.90779350422578,1,0.2272588470525021,0.4251413806420554
94.69162284239805,1,0.38956313073298754,0.010974475918825943
10.600249251994287,0,0.7518792486190812,0.6870351602694771
39.596730309036865,1,0.15696927880306155,0.342564242537991
31.553674590283933,0,0.9298423361790197,0.151812954692514
12.972810690490554,1,0.20527891362893147,0.15710877651581034
69.47983112487609,1,0.8759747381796104,0.7691640558313211
27.384836436023676,1,0.4837239448385878,0.18738942421244076
34.48658031252978,1,0.8406201483713408,0.48409829814216654
9.035887670141795,0,0.958295697477779,0.9703893596565586
49.79675587786656,1,0.4221474520757248,0.7588186978683417
15.816786365205648,1,0.6966045409179036,0.5471936487147334
43.20904235794891,1,0.22671760340935176,0.5282753526241997
14.33422221033015,1,0.8007857166785385,0.16732744154661705
95.38498899501458,1,0.8199256492831074,0.44642357501527385
14.49825331971426,1,0.29524570403279604,0.1448996539063354
52.188715385063325,1,0.024140762470689858,0.08358211523104353
19.69798253189875,0,0.4312052517798246,0.10913723595923452
7.6361803472609235,0,0.170000534245212,0.6066111566517781
20.230861884209816,0,0.818551080268873,0.19355298276185628
5.477410739043609,0,0.2610972780171562,0.14934551499108384
13.939738312098882,1,0.9436927925465272,0.8671309620969873
49.348415776321694,1,0.9718089610768892,0.12201296323445288
65.18155210575742,1,0.9088359240704614,0.7056351139087991
8.733981507178346,1,0.5996144777061743,0.4170002621473965
44.10186239042685,1,0.26742800398591593,0.5790797377649594
58.1247022853352,1,0.8072584148330358,0.023355414497008287
23.42256762110615,1,0.7015953812080143,1.9239516578783977e-05
37.20784115160254,1,0.9771683470502623,0.8172485440189244
7.183486973360864,1,0.3772520073162384,0.4754411585097663
22.013108023309492,0,0.05876799916772013,0.07130693644919273
46.675292591894,1,0.9983863288389463,0.3434561031905483
99.04421789253223,0,0.8382636394388755,0.5063544362507856
99.62650629391334,1,0.2214896882985491,0.13549347684699975
97.9621681124288,1,0.7256278658996539,0.5463379497775377
42.30863863003276,0,0.0006901750647781979,0.5287507198372642
8.068037841466502,0,0.5578090578835805,0.6028351663442258
32.35734372493335,1,0.3628382410016284,0.8102618052554386
23.77143753709773,1,0.3813330412376269,0.41277881338686184
1.4126574909854583,1,0.2445198061720758,0.8885600284600712
9.52336102883754,1,0.2748452156333441,0.4746737529099381
45.31919350490661,1,0.4546686638561511,0.4571489642143127
33.9662463804297,1,0.24814503547777556,0.6556856984039794
18.035372163448304,1,0.4664399468694379,0.6175212153247837
71.60999706587471,1,0.5773477205704556,0.011434938758926094
35.71155958966186,0,0.7111114228525101,0.9824305902241949
85.18678557465444,1,0.677145650682818,0.9426935861444679
24.097716026311733,0,0.24198927310452334,0.2812859424965558
53.839349008662474,0,0.0391895904281131,0.558583340165752
18.413921714918246,1,0.8326818660931307,0.7704851735896495
49.5300616385842,0,0.8723128429645932,0.9204678240979582
15.24665089783862,1,0.9788895197332715,0.5859066401244994
16.157862437152193,1,0.9597115572361877,0.01894013293818242
61.22233770420157,0,0.633814026692984,0.6806779475372453
26.378604217576672,1,0.8942717039415783,0.09307806889903891
17.236722656424732,1,0.4480084193213887,0.6711777735375999
92.97682501350731,1,0.787335639725043,0.5874276020306337
4.300325074005107,0,0.9553345422567178,0.6406696279148097
56.51481126958872,1,0.796278557207664,0.1892576989854008
54.826384183326525,1,0.41576536595180036,0.4936098628119563
25.06088744030598,1,0.377759247066765,0.6179567944667287
45.27717451128178,1,0.29154275418732245,0.3002929114141628
8.773778308263546,1,0.3670635243138275,0.18162326142349772
72.12701459238856,1,0.820576661792203,0.22268073888629913
22.16971483768232,1,0.7015003212185768,0.8580166691097794
19.338535982655593,1,0.24987917954172445,0.4645435202950007
31.487847827750304,1,0.7115351285827501,0.6610733769765537
90.2369920263142,1,0.3793954660399921,0.5148888641489952
79.64666482835426,1,0.5577725070366454,0.834127251874082
94.68922911337576,1,0.37036927276934617,0.5084948671472862
65.19623460330854,1,0.5216293528858401,0.09332531292163071
66.29215110320877,1,0.7298038950925447,0.19798469353315307
48.003099942621695,0,0.731130650620499,0.013265415172021178
90.51863233669755,0,0.7531825793010949,0.8315242830597276
51.0877149270329,1,0.39103879549019605,0.6632728333076844
35.50600707950247,1,0.690495442913354,0.7592019181216655
64.03750099176652,1,0.23871163144708263,0.7150202346962508
54.61394934009635,1,0.47742842041986555,0.8244796887366972
12.401981530989548,1,0.5831069168032765,0.9869695031172528
39.27254139124295,0,0.6864821872720255,0.6534713299105729
31.332541109447998,1,0.9119959917542505,0.25226560296043865
84.68337750111317,1,0.3047686365397909,0.10139004220984416
37.88425569731088,1,0.8452859146449596,0.5897479283946525
82.15552326388926,0,0.3111242520093307,0.7707570612808127
44.23895939009456,0,0.551909419035327,0.5615717142012796
75.350056344561,0,0.8280998474247993,0.3035547680549495
13.528192851118991,1,0.7231496052696904,0.7197348479057359
92.46502196584623,1,0.8628696688773296,0.4479724960696646
48.05598907989182,1,0.8148811925163735,0.2865891012923243
25.97982456263064,0,0.27634726193453707,0.841084488024411
24.148960636480687,0,0.9929366717118111,0.576518781118207
26.50772885749719,1,0.9369984322070727,0.28344799788628994
36.67241729179677,1,0.43017462123828976,0.3286043343189188
71.75195326756167,1,0.047209475688876235,0.5716651153847612
94.96030429007935,0,0.3034966731891301,0.42292359399195223
66.90374301236321,1,0.8361525305964268,0.16051911813440112
54.71662709441007,1,0.9508704194988337,0.6104699323920799
44.85978080171347,1,0.8316719542598827,0.6891100660522453
82.81944670376164,1,0.3967432366045961,0.00010879628343452019
84.96572024460698,1,0.05653649968633123,0.5368693160933826
29.30376744328186,1,0.5175828440095407,0.5771614798825668
95.342024865343,1,0.3763825088631574,0.3320640542289681
39.51153632063821,0,0.12297238717808479,0.33873125903813384
80.00780691915278,1,0.10585334638910548,0.3176588823293208
96.68198780822334,1,0.1530368836560958,0.4453280683279859
70.36581008556112,1,0.2058236733846397,0.8119398788592999
16.155072645119372,1,0.7537864093654719,0.4690260670929287
58.61369551739308,1,0.38170347050070785,0.9936487066810608
11.877712309557841,0,0.4369381301951787,0.37615867476683296
78.91420398689263,1,0.598381334983118,0.6992622561673052
28.131517387388293,1,0.9601334774320163,0.5489656713907635
69.52148230600186,1,0.7564690489003385,0.7622886211225538
91.00896741301989,1,0.645712613881201,0.8883645690097632
18.100985067017238,1,0.743832133607818,0.5116832931203175
39.28578386011667,0,0.7192925211185875,0.4944792091786463
64.71187880735663,1,0.6902492609942767,0.9427190298935199
41.96585928095011,1,0.4964071194998567,0.9336595726300138
17.481894162471523,1,0.5668470801399786,0.9969967295932273
2.9071614168797,1,0.4614914664489468,0.15647591528779492
40.65981437019629,0,0.39495849704699804,0.003568723635277493
64.92090265819203,1,0.27076807175625295,0.4373103020731042
57.39842081524886,1,0.3552132012623902,0.7333401633600479
15.624123976064242,0,0.42852961730965433,0.07285601012879983
45.06934438673866,1,0.5793794049844859,0.3736016321733858
36.94710461812528,1,0.49987509720301393,0.5814594767876022
27.42024022933999,1,0.10794895427725915,0.21254742505116575
72.92712438603893,0,0.33997365545726044,0.7311419977782361
30.965203002718432,0,0.37619346860163005,0.2295376549757513
54.01419523330292,0,0.7069259651130924,0.8406720152138185
92.32235352696165,0,0.3328920843554545,0.348273337677957
53.92759822535824,0,0.00795581558463787,0.5986484473971104
61.70229101605608,1,0.08433662333004166,0.5441540071000059
7.32459861675514,1,0.4969984179702299,0.2964467164776038
17.813414374173632,1,0.1884955042723706,0.43907162380935616
10.095119929811347,1,0.4946224112792327,0.845973091892193
76.48129483558401,1,0.5742053720861224,0.5483442856258971
83.59210809168424,0,0.9334379025693547,0.05558696082733783
18.645529319457765,0,0.6555799243488198,0.7130322909213239
21.927175092309103,0,0.031040722633432716,0.18245249779619366
32.32072894927829,1,0.3807305182848445,0.48606276350684774
59.107761695383545,1,0.7934569707815385,0.4685388807071128
62.17961938000195,1,0.2605624559899281,0.48648692855027864
68.67539585414576,1,0.924973071500241,0.031014006325993937
90.51927562134627,1,0.5290107085636377,0.27238851920142493
29.504014049653815,1,0.0924476918222058,0.05073547271889456
65.87589892067757,1,0.24167054018028034,0.41495670262089157
55.972284577769216,1,0.9062991990886625,0.6213367272862155
30.58372404125671,1,0.9914597511748098,0.6540741257092842
90.74151865936734,1,0.8630158925673534,0.06454800365952551
9.54834119592175,1,0.32067668465192123,0.11888910496493899
71.20010268320515,0,0.7688190125100985,0.6615067786628703
72.7873713022602,1,0.2222276435962557,0.5311876495533975
91.53265276899616,1,0.38452228744812766,0.833412008228574
51.85805923513536,1,0.6971681286006974,0.20514216721434186
32.16223382192459,1,0.9689013391845618,0.12034228757638321
82.77406698600205,1,0.4391982767814071,0.362024146137347
77.08102818323927,1,0.4958364210333366,0.6370671349932716
50.031561441947034,1,0.22016852895105443,0.4859672413553534
76.7857375633811,1,0.4032227427493651,0.09859326609789898
26.78756020772608,1,0.06301860769564438,0.07129208892642425
58.95063304034679,0,0.8585858956268387,0.6776936271588566
86.51834547878755,1,0.023334589214200396,0.29696821141672347
31.79845046165125,1,0.6835245845933516,0.6694824710171956
48.35499824307432,1,0.273221701454167,0.2949148830766559
95.10448541728894,1,0.4761094320331617,0.3147942118435425
79.82118419717366,1,0.2815584400997575,0.20981473141334872
88.70390203305527,1,0.4000706680269044,0.9837169615230643
38.524706089044635,1,0.5467778864190459,0.016070290093560757
99.65052596345588,1,0.6408934114321947,0.12725243386163487
15.256560468381297,1,0.9402861430991164,0.836290180941736
51.8770583216309,0,0.33220090177564787,0.13816173406052112
47.92733822962494,1,0.5848575129737519,0.28069689194107317
79.84321908001345,0,0.9017221472082442,0.26278496827765907
90.8617772515012,1,0.29023180795034254,0.6969855822578815
73.11393769080597,0,0.8650499811254809,0.41120117803982403
62.68162361303028,1,0.9575550963898491,0.8405878226309893
42.74291908485037,1,0.8474937056269137,0.747427195739074
51.03259170757342,1,0.5698605013415969,0.5311013312078162
50.930031322482186,0,0.7221155399932949,0.24906177561907428
2.0368473684377664,1,0.4810658685510437,0.7924188095360315
50.30458048276777,1,0.597255804449735,0.8659905540945066
85.59708001741248,1,0.9744740669782722,0.836282511108605
70.92740111422482,1,0.25112055615554496,0.05171376761150204
79.57086221250049,0,0.7925471225406441,0.6979586828554397
39.048498976852095,1,0.5062331497548033,0.703938636282077
52.8973236912958,1,0.17687325343187266,0.9430755398961711
3.3483568997100477,0,0.643535380704444,0.26347836672903346
38.29979421693436,1,0.7924269065350766,0.7863468295099255
47.4416044892644,0,0.5687558193233694,0.6890965001623133
25.520889959908168,1,0.8374328009916592,0.8787269711888662
3.1240978990649815,0,0.36586861408698734,0.6933080303141231
69.04081087789521,1,0.9137682989874425,0.8524545367334454
43.50877508488432,1,0.6483200999863272,0.35957534703699456
41.56781931122342,0,0.8031593249315631,0.15762442073210237
24.99867540285089,1,0.27298512485830795,0.36335203464592425
53.78303989980171,1,0.4461283119029167,0.8150516888452446
43.80267812707315,1,0.9096174117401453,0.13164997767862274
47.3984473029091,1,0.05089555050188155,0.6379451792950779
58.0871348436382,1,0.4039817135631806,0.9875560551846307
0.6324647239735359,1,0.7803186580538358,0.8950148757955442
90.76959035384226,1,0.743814690178002,0.6711833283289502
7.108739694508126,0,0.8516228307693663,0.792630326828162
45.09247473159945,0,0.7393903346787433,0.11647645406562168
20.737287523938143,1,0.9470921491690063,0.4988337625135698
52.378236936987534,1,0.49825955535004585,0.5319124232729915
28.023010879713784,1,0.624289836853291,0.7826957596259232
86.00064980626038,1,0.8477057585602266,0.2825933457115659
39.635983396242025,1,0.7016909498563472,0.10648528644172695
63.87555557684374,1,0.10205671887366918,0.698113842587167
24.887972814787894,1,0.36699645259479163,0.4925941295713304
1.9406150494017504,1,0.5525907983318721,0.8422940597187164
40.41545356132761,0,0.7547175438615689,0.48148969353868487
53.64864895582902,0,0.5435675688185733,0.8462707791883289
45.954715126175024,1,0.7775492413837919,0.507835001818419
96.201436381886,0,0.837609476462908,0.7826985098229143
70.68391738460284,1,0.26512827029518105,0.7207451789197666
99.56698006253953,0,0.6160981731621135,0.2660825403801307
29.506009031397195,0,0.557110377480783,0.3093983250870408
78.90532796071466,1,0.2273172526548678,0.8991955225192293
55.55584675466139,1,0.4898780892368314,0.2310071276300043
61.176035444849944,1,0.5485682845687174,0.6975005562609415
98.58532004423277,1,0.8173398752058646,0.14512013199730467
65.3987199751117,1,0.4609893746422803,0.7551583712492418
89.88168923369179,0,0.08091598247594944,0.2232898495793264
72.57502347192471,1,0.48729595823220717,0.594065372751316
12.738612172475005,0,0.8379509443764327,0.5642434877370377
69.94237103223125,1,0.5712554523275456,0.20351425303351622
48.431558868548194,1,0.3188652277022179,0.49140332112568985
91.87979929823425,1,0.9209709479842584,0.8792480254429207
80.68344471904551,1,0.15565138462606176,0.6805293481520264
10.413468760722521,1,0.32687765249330225,0.992654399099166
13.391564365355846,1,0.43713469062958,0.7845542609961967
6.961100179860558,1,0.7379778879258764,0.6434554343030048
49.32448747446174,1,0.835746792125761,0.5632020641554181
8.077175920735302,1,0.058560476245199444,0.9374286460287282
72.3678336574694,0,0.7920358204635946,0.527013437352529
55.235858145043274,1,0.7205284152506632,0.4026727706358195
83.58850175531424,0,0.8946523048118163,0.8344935793691034
27.97957886713163,1,0.9004429908255421,0.9402444189203516
51.91407841611407,0,0.7775255586604485,0.47891689190017117
11.747968591054436,1,0.19020268426368703,0.13723852361260258
88.46100026502805,0,0.3138715066560507,0.6083728182121688
17.50049622898383,0,0.936319698848498,0.7408822619290649
10.236225135040499,1,0.5981732998538578,0.3736360831834403
20.50505985231833,0,0.5387607343892877,0.7478788575646323
80.62314887229815,1,0.9157094400439985,0.5310513426422911
10.58145276846828,1,0.8741985740996646,0.30135613040979614
61.44274948381659,1,0.7274961533163808,0.6295212284428275
74.61813006151257,0,0.8822523041595435,0.38894756551638476
75.10811604828712,1,0.11383497719548397,0.786825503955251
19.006088660813113,1,0.7575439665999081,0.0030800279168585742
6.1623998377612015,1,0.965640202196868,0.8181781159533115
44.88063837722176,0,0.04897679228140439,0.3065752775307602
20.24853452445461,1,0.22304565179063418,0.9596265634799805
69.92708090139381,1,0.7939683888654189,0.7591648676243634
35.6692799655421,1,0.5200471644306524,0.2410402847657891
44.93539410331321,0,0.08661835454126132,0.978799158731481
11.348493310171182,0,0.2679580291560212,0.49958059199672167
56.75502865481917,0,0.32405959992264766,0.5229237972645977
18.552418963190732,1,0.32106272184594875,0.9095181340938654
67.8985660914937,1,0.8776727494688318,0.9184030674817854
7.1168822547893695,1,0.6620364573580414,0.6968825042166329
97.58945922813234,1,0.7349172783690119,0.9784496395622537
68.45269785858117,0,0.013570088888551601,0.32887030958741614
18.172956781192617,1,0.4275120029604318,0.23233658440193283
1.4094645461855793,1,0.3178206280655269,0.02925672144720559
33.44628922052188,1,0.8519254022401738,0.34634493847778747
15.28132640522074,1,0.9538696539198517,0.6026333433120848
21.841133311954597,0,0.42334084958700524,0.3053790499166307
87.27502584378894,1,0.9730606145712987,0.5796202571320945
60.32046600508495,1,0.014359204043768115,0.048385752163867646
17.64576530288995,1,0.3257194042086058,0.3540910646462311
55.66594006874488,1,0.7749311779299499,0.7480049064806945
25.578065342499322,1,0.360099630475033,0.10432686019096704
97.62008643580891,0,0.9209623303779163,0.7148374556555155
3.275723026369526,1,0.2184648924981305,0.763311113009489
73.2318422167815,1,0.7956667273281107,0.5687615091168737
77.29970261914274,1,0.20170225240252437,0.8860875530709696
6.716276395770027,0,0.19710491767283767,0.9545635122256511
17.18693642313516,1,0.44574935838327434,0.03467748295371187
38.43066591039575,1,0.9449405883303325,0.6790830240705407
86.81548265290678,1,0.5854549619023482,0.23717450247352945
53.69999384184994,1,0.6350328948735802,0.4081833090048276
65.53068500072905,1,0.0097326724686162,0.6231542825096992
78.30128354568427,0,0.05661520463176517,0.7122722703254765
82.81227883375199,1,0.06693402566102347,0.8401909297412762
47.628454308368106,0,0.8196421746612321,0.7053869182835928
50.87931387734813,0,0.2368521217583356,0.777398993863311
71.80058570877794,1,0.32883818463874226,0.5990711993594116
26.33423587356264,1,0.6099527786289806,0.11705908372162488
85.44897363655244,1,0.5839543176533192,0.021430314885293344
2.078682447584157,1,0.41052949756844037,0.5297830489215293
19.577160220972466,1,0.004300206034838494,0.7155410479518
80.01999430365032,1,0.4496025750508157,0.10886558844135674
34.025821189267226,0,0.7388826157200231,0.4292959478756153
14.983283269230597,1,0.2352393153254554,0.25617739675564477
18.675475571140332,1,0.7083580102738181,0.5670930501369078
53.07564019360696,1,0.015152819817278229,0.39050275242382804
84.61815293449878,1,0.9080078043145318,0.2014675004341464
7.065071577111059,0,0.9500392076557908,0.004392713739444609
3.0480909124649402,1,0.0024614834245593187,0.32152509538093055
46.51681358368431,1,0.45781841380651234,0.5161621466863124
95.61874150536347,1,0.41382194023866903,0.9292090830034592
27.90098034141264,1,0.8418833559195065,0.22747601488632896
95.91705390670484,1,0.5407215913232687,0.5122550659636332
88.76811765900014,0,0.6113654699360509,0.5664965344743514
28.313507638751112,1,0.20250600308642241,0.649227656858986
81.69480642561467,1,0.0770646679970809,0.32856635087445196
68.58673025688188,0,0.6923310971826252,0.09948181948997747
51.182238890475716,1,0.6206759919694284,0.9213562401822422
42.29161430428747,1,0.832328733983278,0.9527554288535945
81.55027559254567,1,0.8446834474420555,0.4382311382469207
79.30794326950212,1,0.6310352739729366,0.5805749619178523
75.69363359425591,1,0.5383613829502881,0.02902639327931711
99.82559512152959,0,0.9140082690118511,0.047215641115174845
47.85124609413839,1,0.8012641358523173,0.07666741582658188
80.69229778199158,1,0.8824249949675781,0.738746314848921
86.24783669834784,1,0.9958408982739928,0.2272344910893498
21.160258145368395,1,0.40350578776651247,0.18444722297437843
4.206644205306098,0,0.7169346622907508,0.00833533275678433
40.47484021885796,1,0.6880678152315783,0.02289754427358881
85.6736684436776,0,0.17414271333279996,0.4053837523349929
28.910328119451023,1,0.6365485996930432,0.5416779306771917
70.00101540674241,1,0.4280892758789038,0.5790591817679196
0.7348139064262682,1,0.4506355901137111,0.457911181180915
35.53644323202377,1,0.18013798985405693,0.45956127214283826
61.55166947581512,1,0.7447393461359687,0.7531421852662771
12.975719007233689,0,0.6979409896782558,0.2895701346001175
89.6606912147434,1,0.5322901390021636,0.23771781800893954
15.627397711707925,0,0.15671919122582145,0.8543241880318309
90.97935450039947,1,0.5568647853571268,0.6892638077160851
21.638930868297468,1,0.10013342214702037,0.47686644908287046
99.42786739158407,1,0.3393720261422565,0.275404825534007
60.474871329559086,0,0.3723578427927129,0.13658181957861848
8.434489443831128,1,0.8834253925406446,0.03742119674997646
6.527723447865985,1,0.41556207544438517,0.8523653579912417
7.492169625946876,1,0.598469868625797,0.5933855013971914
58.989274729095186,0,0.8747789879039839,0.04582949291187932
80.95792023273852,0,0.4257594387556296,0.1585873978947544
40.29627417705057,1,0.883703520070732,0.2795642681532241
44.483575928186184,0,0.13646131252663973,0.263071587713814
58.9287703664628,1,0.36484315715995985,0.5483909892212689
53.30406047863557,1,0.09472724906646457,0.3994436231868651
68.80617331012702,0,0.5609296292812848,0.8822166042619666
47.17857201630265,1,0.9572820604078024,0.7194107006078214
71.38606850640676,1,0.6569518353212652,0.9107325693100795
99.73107425466341,0,0.6260756173487486,0.8628186251594522
35.029784224876494,1,0.2781586322431383,0.9213691334934555
1.2215462915350805,0,0.9311067586231218,0.9800114502887644
12.562504555165477,1,0.47153478477569455,0.31169643805946257
55.35141849869538,1,0.26700205304581914,0.20968060385365994
34.4257787144652,1,0.9876999804330076,0.16515236221574314
93.99825937049926,1,0.423123933794739,0.6280884650157843
62.744609010738294,1,0.37149898240954415,0.6809666981764003
52.035518596546794,0,0.03496126729883442,0.08783749421064657
79.80395012720187,1,0.17829497314468257,0.8210715967326342
25.858987104909513,0,0.8091913550722803,0.7830665314430982
81.97385402823598,1,0.48269510460215026,0.6284739332057888
0.3061104864092945,0,0.9548747269251936,0.43561247946963344
61.96773621357177,1,0.0838858032235813,0.1536572883759959
93.4757151045779,1,0.6159434423984318,0.5055922709318871
78.785995203387,1,0.7199841475433153,0.1591692955414844
85.36341921473594,1,0.6211831264646035,0.6049787850889335
39.69546951715005,0,0.5298775601258555,0.30996473032306915
82.42389461001262,1,0.5782983203387109,0.24730626230379682
55.08316650302666,0,0.6895495913764201,0.44105137995496957
61.85402365031989,0,0.8632635436375291,0.5807128002586647
5.891533933580351,1,0.3363446442846858,0.36746406557137945
20.155169717439215,1,0.45965408044166767,0.9636034011382877
55.096441551355255,1,0.6359095866171709,0.005897635925030231
5.880105782349765,1,0.3142159523264475,0.9128610184476774
74.14468065877132,0,0.17878286594669535,0.0006840494826374499
84.00570085219016,0,0.9661687567781331,0.21671193866342398
92.03623612948049,1,0.1947288887962373,0.9963512248545622
10.176845917980593,1,0.23273309540225073,0.7280953757136894
93.97202480228,0,0.6186861004825924,0.6444983717140085
6.762000762929499,1,0.07736830992150279,0.7260928808553971
47.405621592781536,1,0.03404765381520658,0.4082961870193744
84.02510206278117,1,0.0640136038053486,0.7842097313262926
7.031113856445536,1,0.12326364578576832,0.15486803291827955
1.8231072988983632,1,0.4291968621341872,0.793892387395598
2.494771870665069,1,0.8292606434644912,0.9395266799110947
51.127023943603355,1,0.34197189309552734,0.8576868505065581
81.15967445966629,1,0.4275314146474197,0.7396609533033932
12.742667107259964,0,0.600251092835867,0.651377313161677
12.461025407954063,0,0.3021444256237612,0.5210921653216274
56.854685504979166,1,0.43253787876798044,0.3952232795361881
23.42956008119237,0,0.3863116868643608,0.8656535908598395
73.02137351448738,1,0.3418835416500199,0.6474585746480768
94.96353881767499,1,0.3883931694820375,0.43490031391469874
76.60334066004131,1,0.01111771041206333,0.7847917181143582
87.71753663789164,1,0.8862606681215847,0.054103754038348106
51.95860575716703,1,0.9773467974486908,0.8131192509329653
83.23193042175333,0,0.8624961914161383,0.8107021727444602
18.290318398668237,1,0.005742274054241658,0.22852941332232024
6.834789039562739,1,0.7508855466946219,0.037671589911896564
65.5953110124686,1,0.5731001725867135,0.7137079555297965
5.1952503758055935,1,0.09417491100775033,0.19987162842971606
89.24814191396806,1,0.9328591348795976,0.9960217907210658
69.15541471074185,1,0.7762171292226369,0.009182445242662762
95.2200725408912,1,0.14529628644809367,0.2297919812489907
31.388665631323565,1,0.964041429693496,0.04206239727249772
48.61583092016208,1,0.12619875281064008,0.7826557354502195
74.1690365045119,0,0.4546798785092835,0.5786954921738933
24.277898546082056,0,0.15897573265917297,0.8484345345459142
54.18488201116669,1,0.15019079505790445,0.9626133706729274
65.94672750054781,1,0.9678057383746101,0.6101148603754043
97.88086544470413,1,0.5721227813923402,0.23175350361801195
74.47032942423849,1,0.2591749176930025,0.09264944079761006
11.8130850279074,0,0.7763993708665334,0.8662610449795003
47.53334513833103,1,0.8752443993025074,0.24511325501859726
58.87707829895721,1,0.9176039367877787,0.8935182246980773
14.662314286435274,1,0.932984970966872,0.8782875996142749
43.19660569810784,1,0.9055818297552952,0.6278092122702602
28.4005816335823,1,0.6389323959265706,0.6039958205751598
11.882754226202596,0,0.3424666498070571,0.950826468526888
51.20419334634545,1,0.9255676774388821,0.7560151017849487
16.56330810123454,1,0.12249652800038602,0.6832817711805739
59.05374085857233,1,0.16879981505081754,0.4357407520184782
16.969693224186543,0,0.43382754049569383,0.48399844573688366
72.3594923602821,1,0.2836649422131816,0.38892109833166844
19.524162302967042,0,0.6157328142238714,0.9463210203599299
89.62851007761495,1,0.9053019229646232,0.6381192131932713
2.620935654880885,0,0.4910313263724476,0.7803635877237778
52.1997387045736,1,0.5538705934185323,0.03719973508255059
32.01047658865469,1,0.42313372898109247,0.8524263021418429
22.50765257745908,1,0.7075691599759386,0.4176382974445806
47.1602779165148,1,0.10068877984621383,0.7371603748161634
84.20195363242607,1,0.04858988592656155,0.04002531482077565
91.52772055266487,1,0.6413384744331628,0.8938731832859649
30.324861814784576,1,0.5348785451541519,0.6598455895991945
15.424362209507125,1,0.4073580290193777,0.4575007908713272
72.01404475663072,0,0.333992641879172,0.3035580990101162
58.19987254559883,0,0.05180744404312554,0.3110241424487178
20.10161486775599,1,0.6805561624139979,0.30339812447639936
76.02957880874366,1,0.4214675358207173,0.13102585274515222
51.89304352421411,1,0.4452680395196167,0.463809538029077
65.33951995074075,0,0.8934448514118918,0.45348635413406857
35.93390339633887,1,0.7375478825234788,0.4119366592900674
43.9097561302376,1,0.2194431486932915,0.7030942374846186
18.03420983749422,1,0.6571664965217826,0.4198148626784175
75.6515867645341,1,0.13225531850365768,0.08900371683362063
15.701132415179186,1,0.19406386785214313,0.852059622313688
77.83025947510613,1,0.7141492407324346,0.42510086514726597
79.8007854884586,1,0.12589041824989755,0.6552856542859299
74.66009640551216,1,0.2801939513709779,0.9298963546902862
1.9422788058740426,1,0.8980602679835393,0.7674151028658048
27.313321260667355,1,0.7383154782815458,0.5387988711782038
46.83377427918137,1,0.9294595176410199,0.5450222571757909
59.554437871679575,1,0.8818333419612034,0.8495310370914068
91.92220993690502,1,0.3125794219753125,0.8236322930908063
37.56059721287023,0,0.6323774344810366,0.17865273212742383
87.5023318773954,1,0.3786956781217733,0.6265010815184369
16.342928813683656,1,0.6971043316261096,0.8657156584351113
37.128048750862696,1,0.34845702165091297,0.8033074270090629
5.2282010821322995,1,0.0013173718800592038,0.12471601631229279
74.24892910556223,0,0.09393821517178547,0.43569282233667683
15.065275743291295,1,0.7710123262227739,0.5182331046094028
25.702001564845776,1,0.08400524477226101,0.2578095545528367
77.52332521932148,1,0.5994226832402424,0.6794993855504149
53.471671742271,1,0.8577785123591923,0.4762264925613292
1.3972719418462565,1,0.7411012368421127,0.29750870865296564
0.22352047473971348,1,0.4134387948195407,0.33686452563411295
51.066063173989704,1,0.20860421529315298,0.8566683550066461
30.495551374919483,0,0.9225374877418276,0.8661998054842552
18.031144599517713,0,0.5663996817850598,0.8123756574128377
61.359393771611096,1,0.4054200592670558,0.9138688211829366
22.84364717174271,0,0.9420576990232783,0.9523065086814588
59.22071496849479,1,0.21501774387191086,0.49182791077990895
37.926595058627285,1,0.4422818724536215,0.09670362234966712
18.674621766978973,0,0.10864570916350635,0.8000710073097888
13.810473786874866,1,0.12488026089953819,0.6334319284066284
23.686060312728806,1,0.3985962559968351,0.3805171902296016
2.983210801298508,1,0.6996603559850991,0.9755331526238872
30.812696203626842,1,0.3388939441541834,0.33868520270363645
90.19546901817942,0,0.6895979726030022,0.907633978666102
83.13621258830283,1,0.8051904692523926,0.5925844480586421
37.200375671965894,1,0.8775779146533363,0.036641984075884704
57.58336185818038,1,0.044719504053736925,0.860335108080148
56.73605590140585,1,0.7737316549730915,0.7622119752553009
82.87375391937123,0,0.14714212222401812,0.6424875463293921
23.629010151696562,1,0.6982622932993342,0.6145871400769716
29.638748879301236,1,0.3716624656000017,0.21883549265590296
30.17854337456115,0,0.7077932976948618,0.21448612919934473
4.086998977167433,1,0.21382424450799686,0.029172428396792793
31.46878632891922,1,0.6449907189009952,0.15413746305369103
87.7913776588007,1,0.12551408706194056,0.3364812642965028
91.1987647571481,0,0.16974554765680694,0.54072489634183
10.96353457685504,1,0.6144619251645597,0.13080855749772202
45.80585416184314,0,0.3367714916503607,0.557572180273368
38.13489015876391,1,0.7037780731138085,0.26332012121179527
48.93591966233879,1,0.6851594354026874,0.2539611249423619
55.47195240586772,0,0.6216339902550784,0.9479442074063794
2.025876001774607,1,0.7305405412343178,0.9923445438384673
84.22422479211608,1,0.7939352406636638,0.8114385966009274
97.36640731733385,0,0.911423282471824,0.05439198073340168
65.34048120036424,1,0.08051582948176017,0.7286317105437284
66.04522384933692,1,0.5715490147784498,0.17842573179831767
52.79798578307084,1,0.7487768336204009,0.5692213137208905
33.42734117143817,0,0.2169414566698773,0.8937136292090883
14.89778241795211,0,0.26362114297694594,0.3801956317441467
58.40633426960507,0,0.2669643443354208,0.9288416850672329
4.494140350920706,1,0.5723329714745182,0.7083722173393127
82.45025676918739,1,0.36617056846565976,0.30101181335766736
42.091169947061545,1,0.6660947401215991,0.09491719887943995
41.47542241619748,0,0.6102396819679363,0.8153512847683572
32.717085847590575,0,0.6571118331030485,0.4580594084929953
96.93538886985864,0,0.2523176168092264,0.07269348815996746
17.491695277071884,1,0.7673713758229969,0.10312235713505202
15.130782147521115,0,0.6640355507686939,0.96696138189548
16.553150154503015,0,0.13064961263145092,0.24300195449556616
65.8527482850764,1,0.20017285240906635,0.9665911778573795
99.18953187295983,1,0.3009651463064651,0.681159579697904
23.54751704017547,0,0.9360415078387312,0.3004911018286692
90.56173970674878,1,0.32634986360423335,0.38372787424347876
27.861655920817242,0,0.019879082665319237,0.7770384441080013
64.78999201253002,0,0.1416257376588499,0.4354149789253958
4.049895193336772,0,0.032171823650812836,0.07475077766428628
49.5653974576189,1,0.4028392441432166,0.22981412956968694
65.45699662789818,1,0.797153400969704,0.8603449729972243
53.63197772226286,1,0.45043578058900335,0.6961741369781531
23.78353848817911,1,0.8389941347931467,0.5010161111747662
82.84969482679155,1,0.0475293213607374,0.24549566861561667
97.01365112382403,1,0.46972286414476394,0.4745906150899969
45.91960956920653,1,0.7870753721294209,0.7888490577775146
63.59192651892537,1,0.6747222176539506,0.08154319714217184
79.04132683455725,1,0.8528255371404669,0.9947678187352218
24.1489060621794,1,0.2738347239095751,0.8597625438589355
86.44503819287854,1,0.5008507962880486,0.3179657828482293
28.020090530999752,0,0.6768785783422281,0.8705767138822167
77.58308035152388,1,0.1684899561587876,0.6817145299032963
11.209923242642205,1,0.815806714677037,0.666354427099329
28.83867034141697,1,0.3114700507909728,0.13970976894422993
53.36199339398677,1,0.09330730391569475,0.9058946407051388
52.49220957043151,1,0.7657012906819606,0.4503417969213752
85.04311844863662,1,0.7050179797319802,0.8032277583398165
99.61272576386072,1,0.8836797532844392,0.29952379035940946
10.721084586014062,1,0.8920747454371241,0.3080036656024979
27.138813282503705,0,0.2785257845815775,0.9646891799819122
35.759821022307584,0,0.6413627752178199,0.496659924663433
47.891840781000504,0,0.999122996171992,0.059890713383002225
49.390974315439905,0,0.24380654846107208,0.8357066470320501
85.61950631484166,1,0.4728766685586181,0.22723002234973866
77.05593027850998,0,0.9101663646405085,0.8787537528090251
1.8851579037953314,1,0.10307964152659632,0.9164398779738245
45.50217605831879,1,0.9282498975561949,0.07276601323800314
61.80738382440888,1,0.48815559456177626,0.5824292275743849
46.03955870930234,0,0.8930407885720016,0.9815241055768463
13.064525602570232,1,0.6213714108268801,0.9309196146458651
39.74740836906482,1,0.6714355470230783,0.5252432860575666
41.16556951297361,1,0.7729857514279932,0.6804931952692356
18.771592244975878,0,0.06713609198416803,0.6042620351590746
75.63071144709535,1,0.6277683390396395,0.20325334623970293
32.14006801424768,0,0.9239372447718588,0.6529975745215713
58.89872905686162,1,0.9561237239599569,0.33314118350081323
51.573018095876755,1,0.9683214440033527,0.33797192919582497
87.74270792163887,0,0.645832879267937,0.4199881609405217
12.201493186283818,1,0.633286848124865,0.8521768833377191
11.426300825346015,0,0.5524650667772937,0.23834582576190755
30.031966912301577,1,0.6075533591516893,0.2507916667454335
43.1214968125835,1,0.6121179303831606,0.007339913606552173
29.85422487521395,1,0.04240826852168866,0.15500686891893622
76.31870823952438,1,0.08887128593342086,0.9786792874049365
24.526584310929966,0,0.6194165717642494,0.43386994550647584
8.477474277224474,1,0.3142164300384853,0.19516469231417843
41.37998098841476,1,0.30142548500990074,0.9656818107569426
77.33792881384841,0,0.1934406393149698,0.027117868036942494
85.05619435867413,1,0.8010699694340887,0.4841663866400632
73.33448483633508,0,0.9643285037206298,0.8046021356275161
55.7886678499744,1,0.6277580031966358,0.7728252046136382
72.41917017491767,1,0.945419895606422,0.1892172654958194
68.13895353038613,0,0.8838841565103875,0.7077896733777648
23.436663249506083,1,0.21792697843303122,0.62228860864585
55.075889220319375,0,0.15352590117687137,0.6752762161492667
77.0609332638432,1,0.21158678552861332,0.2661048156277367
31.71206618751382,1,0.09620938386557487,0.8107343880317858
65.39731467169314,1,0.5828791669869586,0.5592375093087347
48.14804275187985,1,0.2826500428375629,0.7250780475053348
50.315885094502,1,0.9129166947514298,0.9395735098863645
9.005503778215973,1,0.6134077732272357,0.8554972728905285
66.62171653053798,1,0.35961055576873135,0.7823374705269401
86.568703535452,0,0.9846406319643816,0.28964874943126273
14.14312880258628,1,0.9531944958918703,0.054083112658117494
36.61056622164494,0,0.7786152353092003,0.5746444629894164
4.866745484083501,1,0.7916836754396348,0.03451305321939124
2.9631885976391104,1,0.9772701315244898,0.7141897742187122
98.96584966717438,1,0.6004562226399603,0.7368216712962707
49.34715083063846,1,0.8800198493318545,0.5629112612386605
35.551901863524634,1,0.06482772229999068,0.16815191254134287
27.487707662501894,0,0.5540625194543223,0.8757214345683765
98.00126449449591,1,0.5025163394683246,0.595921232004772
25.225078552168366,1,0.037723862220849,0.5148919500741098
72.57083957377432,1,0.08695198532413306,0.5675917595420547
28.37580958059338,0,0.02183892401687315,0.08288708681363088
7.048950535691912,1,0.29401500448644635,0.7404370547389264
68.32766145179413,0,0.053511229516276404,0.06077558388904403
0.16308476298648733,1,0.42315968476080157,0.5783881585159083
67.57485115605695,0,0.8127464113729175,0.1692570870704544
25.037659898982312,0,0.6138298084364827,0.20770193896633393
74.61042320715012,0,0.6737899122966347,0.23325425070783934
76.97501673506494,1,0.03150668710963589,0.014305638488458672
72.4107238817538,1,0.8395263602558672,0.8918388311136772
2.448344146761039,1,0.14619037938299073,0.8042352714898573
70.37366196437685,1,0.30265087603248697,0.03128644766643218
99.01456140557632,1,0.5167938949333865,0.056986087999466806
24.262536852562288,0,0.9299934310131585,0.7828768474766945
27.423857222533854,0,0.9981491683734627,0.006803287569701055
81.35265495805395,1,0.7826606836214098,0.46899891370814817
16.039680505608057,1,0.7293142237274692,0.10729725429430803
66.05836755045516,1,0.5276823307120317,0.5916322270185582
75.50263775005784,0,0.665627337999162,0.9983404178844073
3.7160661819357177,1,0.14442417542835373,0.1720215155414816
55.376209426522614,0,0.2691961205748493,0.9566838473593954
57.58772585358829,1,0.9846428634970845,0.865478543935945
30.34428973917942,0,0.9796150231455384,0.9858549681437812
87.63446693975172,1,0.322972394662813,0.7661886336025185
16.27497192998564,1,0.24104857257155932,0.856994251453125
36.41947095058605,1,0.22951807481741848,0.5945976395753259
84.86686871473293,0,0.4848643835041996,0.8672840811745124
19.06427566059925,1,0.2237665797911056,0.1115122558794126
82.1374136327675,0,0.6484966325506943,0.7416543043684255
7.906917736795571,1,0.07481981135393523,0.6287235870011575
48.922906718999,0,0.10367722241922672,0.05984648273786475
7.533066244570341,0,0.2769342749358006,0.2915903713486512
67.79035850615142,1,0.7774432333784282,0.21610680037251984
79.06014890556003,0,0.32328953904201196,0.4051754507988504
84.98585482468029,0,0.4708167822838516,0.1983533415237314
98.12622507439887,1,0.6566220460091815,0.2748296441519851
67.20157222995869,1,0.7885399219729738,0.29603013524284605
76.90619138400203,1,0.30710902122465267,0.5998108951245305
50.57582783213294,1,0.7309694111642221,0.13487376007013663
91.27369011811261,1,0.2860674043513326,0.24110123472210798
64.37583821994626,1,0.6444662083666057,0.31714806098009884
88.35514062513434,0,0.4508801407946915,0.4490679382760727
23.545201701388084,1,0.9266278193506025,0.03808863282998309
49.67377807180643,0,0.9820933862211272,0.9992114520727612
72.9818921063804,1,0.7741231076902921,0.30039200255202547
20.272175456268325,1,0.9154643356434318,0.2873448607356126
21.133979326197828,1,0.1365042420241911,0.5548705865911876
97.80427404056374,1,0.6544639575479145,0.8540321793221162
43.46103607372061,0,0.19836794157240822,0.4568093680607973
18.181545292377166,1,0.2769685049724483,0.24883920083974587
33.1463881981506,1,0.5228232412156282,0.5658755031953543
39.73761482659256,1,0.741987269043999,0.4829425500257297
62.30852574702212,1,0.7214940741954778,0.4230748270222958
92.30146590477524,0,0.8694593419570432,0.9838829507842233
98.65900759220911,1,0.5592748521265871,0.9959502644685649
65.16987589111125,1,0.926342653389574,0.5619438284575938
69.99223607977247,0,0.8878885956869932,0.06800392707181091
32.182916969658905,1,0.8490574894804904,0.5669175804828931
85.7158595448749,1,0.22952010780434928,0.9524721483828853
21.77983352203149,1,0.5314479931871966,0.9256925306946854
10.638064931096757,1,0.736236597043577,0.21550084943132264
97.32559900976509,1,0.9761025078445899,0.1901194820302844
86.41386768205322,1,0.011647273737110275,0.1522558550115699
30.364513453813334,1,0.3271145339450987,0.8197843494123475
67.51707163810492,1,0.3423502525858485,0.4900550569894735
46.701835741319954,0,0.28853456978185676,0.3380465706592457
32.312820614547086,0,0.8174242997629452,0.3248071688397004
28.677421076029486,1,0.04507143664340407,0.27541324295438785
13.60274452209065,0,0.35943475000846337,0.8826197741144082
54.93180822758392,0,0.7116846082760352,0.40967989274710515
44.65966901175078,1,0.4067397191069835,0.2440177356418809
51.218642029994434,1,0.14406358369224936,0.7104048060652784
21.535716747940448,0,0.6108524727590875,0.6354545568917983
93.86106707732476,1,0.5226102363936188,0.7153655545940952
63.85911963305415,1,0.9818388361158688,0.821956114529865
89.96006573833368,1,0.7485262191212092,0.10123371456891939
10.927116603275543,1,0.986175987845684,0.0019887414501447154
62.28509658561748,1,0.1863526411160017,0.05056624115615416
84.94618186441612,0,0.7615950092779024,0.7067932591488119
33.092077981446664,1,0.5516382196999167,0.9344965402497134
19.51431691359864,1,0.7125094992012175,0.33110538201636686
26.502130580561968,1,0.46755146250788937,0.7811941663944435
27.2933726749799,1,0.21239081971291696,0.7291845108686693
44.71989649235352,1,0.045736663465124505,0.9780615792859199
32.59636027793316,0,0.838288257326695,0.4707930814897019
27.127407270799132,1,0.8148083485866593,0.1660729672868939
64.8512298405138,1,0.16253973378633635,0.7652314005877423
5.3032371671884455,0,0.6451808995438405,0.8188188640214393
34.036377813973,1,0.7377337005321614,0.7073000757049153
68.97519659404749,1,0.5576249953811906,0.8631816732797791
17.584974928100593,1,0.3172289030961053,0.3711825833199045
22.092786221291238,0,0.8809459021857939,0.6903150032235489
20.06666254129175,1,0.6424406375414307,0.263848639163062
0.09261067314049187,0,0.7202175120138504,0.4464401459398376
47.37677518315727,1,0.652114529502332,0.24249216915561822
3.8958789416123185,0,0.7212886715850879,0.1545336726481451
27.29398117749001,1,0.14506714493444406,0.035953248001988736
99.48034245919716,1,0.9225943983113134,0.671424258192334
91.83962113902999,1,0.2858107979585016,0.8752730882774165
21.50758081563342,1,0.8365512230299579,0.3144194343112684
31.000243191393274,0,0.8933842040969141,0.42923538344772716
46.37045822685515,1,0.6512236066600412,0.003546948302573516
84.44135466592435,1,0.5983007620887452,0.41285477253144887
80.26459413930911,1,0.10904821117158103,0.2813221150820844
12.624143656628217,0,0.4362212260796283,0.5742000301246013
12.444884834835213,1,0.6116443846481417,0.9085171828510621
41.673225389404465,1,0.08186927248277276,0.5061525691215125
87.0095389613772,1,0.11146201147754398,0.6755326599028617
88.20849990955023,1,0.9934812551072089,0.70548283980562
10.736584968653018,0,0.33223415096259457,0.1524319121747465
57.42972879655516,1,0.3497324872911639,0.34657060781182614
15.567519712511292,1,0.251529150599892,0.11314555126499592
68.61293100027828,1,0.646019769494277,0.4407466037885903
91.64332479289065,1,0.4730758868067968,0.8872856816097436
45.47692924755936,0,0.7904309573735042,0.48093435073741364
8.30827746920515,1,0.5124948318557868,0.4561529832189264
57.92541958945455,0,0.015415980283715713,0.2093235457952516
40.85166701358547,1,0.48268739032679564,0.31021728008705585
81.08987523339603,1,0.05518729059477456,0.9365995725349083
34.03444639263877,1,0.8267863804814273,0.3029953242620417
87.48972004725893,1,0.11365808498470065,0.7313865855500161
27.370040763478485,1,0.2169540149658158,0.042141664914475796
15.751763588868595,0,0.45996524279482887,0.12831396009449791
30.64803773185799,1,0.1951840554004145,0.3114779163048982
3.491579182274651,1,0.5392199601970316,0.9014208613602253
28.12459668742413,1,0.4606984244467053,0.21929165487905233
66.01176338820306,1,0.9525226109172888,0.7267446100850079
14.228297855659234,0,0.08837356332461366,0.16752446689969003
11.136497278658798,1,0.5767320482685504,0.6128420461181416
13.23852912543504,1,0.7203996096439838,0.5868282307512812
7.755167426146636,1,0.12762700905585633,0.6219479011396724
87.46354118429396,1,0.6364621277574015,0.2862765216625305
94.41151154965281,1,0.8642390541698262,0.1621029969525829
4.656115172878628,0,0.7875556434281561,0.8864857491370483
76.00717815435402,1,0.935170690429058,0.5694439375014824
73.71517467171978,0,0.7205856967409449,0.21204316972093806
99.69094246100404,0,0.39398682967231746,0.41332905319543534
34.78706617210682,0,0.9204513845908109,0.06709149292520689
28.55089916904162,1,0.22535676761480072,0.4753761166023742
45.30821208098273,1,0.5837022785250142,0.4238907761829688
85.65751771491905,0,0.7656579450946693,0.13272623737339362
72.85936425378988,0,0.8722811669954791,0.44437233518254327
47.16238139675028,1,0.9165421310939101,0.6395323395927058
24.45628432858732,0,0.08497564948236314,0.9284904447334246
72.70157412683712,1,0.7260591694541951,0.7031851939595246
85.45268680421961,0,0.20410429344101544,0.5024352863697594
39.995123106749084,1,0.7791194414868503,0.7700511178611423
66.85854458209842,1,0.7006897319336088,0.27993528135084556
40.02120211765982,1,0.1813523586003103,0.6687815984448893
47.84934381414848,1,0.8328301724195284,0.005062166798474488
52.49103799549136,0,0.4617888040185616,0.07255113044952544
77.5725814022278,0,0.5438561519010436,0.6242656364617828
97.75059841289311,0,0.9714037535434668,0.19254957438795972
44.43661626382324,0,0.6566255875192989,0.6887295862647144
34.23150062476059,1,0.5885631450247774,0.6367532645038205
37.35910064723913,0,0.016762772363767664,0.06366674940792472
13.388906937518163,1,0.19921483509393956,0.39249666659466986
29.69387378177227,0,0.026565421049937754,0.6130021983069558
8.644741326880624,1,0.3333124257161495,0.7134816315833584
42.789426317924715,1,0.34450835302732385,0.8160841605267474
16.73572693110489,1,0.530330070391844,0.3304429016650259
34.64067459744087,1,0.6897684469925173,0.8367160422547844
79.35777493916063,1,0.17934517189631316,0.3542544260056443
24.592765058913603,1,0.6016544208097424,0.0069868412000030355
61.1894621342069,1,0.916976274528907,0.6100058998370137
90.11814192486128,1,0.1850078561592079,0.24166859715793232
56.692918702954685,0,0.6590880302653639,0.1243813019935277
19.379261277241266,1,0.045589141251907384,0.25835781000481406
34.47661939659543,0,0.5311476342911242,0.8279139980794052
59.036920718406606,0,0.7415392571057796,0.9140013082601819
50.66111397598535,1,0.034041781190143006,0.961696623870241
14.861983627690378,0,0.33366539114253435,0.302830363000251
44.67963446905689,1,0.8779569853919893,0.4559287081890496
54.30666949102484,1,0.22547979580003863,0.8025261028081837
26.733271445757246,1,0.7228745543956964,0.3179026885070444
61.244551533985195,1,0.6122382739274947,0.38514318631294653
7.016009948520985,1,0.1636876659594949,0.23727448922964212
33.66070335655168,1,0.7417075139818313,0.5723673193517258
80.42768327775744,0,0.5320809930321977,0.6592666988253103
25.92848009081554,0,0.11202580072628321,0.31843945508659643
60.51768500030782,1,0.9493714032652699,0.02423051651156427
41.002971371031194,1,0.49196202914353415,0.73590781336997
31.64601424152468,0,0.7450808348030031,0.6165972893465903
91.61316879100269,1,0.21770026552573551,0.21899878560136077
34.32617180803835,1,0.13718320940435214,0.31464767516577075
23.667590148701834,0,0.7413067761299187,0.9571135892696773
90.93013156402705,0,0.6738241785583821,0.630203545009286
74.5944355935815,1,0.2741076877038925,0.5954777563913846
68.17997136981974,0,0.7462834355157155,0.6396907374635434
4.953494206687581,0,0.5049922610185026,0.954444534793757
13.12049607157758,1,0.34859725664740626,0.3398590734929948
63.83399638096628,1,0.7868918174796604,0.2809159761051555
20.94328365262602,1,0.616782747542208,0.3767424802692244
22.56379856303591,1,0.5072683659719965,0.8009490940772275
77.91385153436107,1,0.7731070967509631,0.12095887438997588
28.592494883694265,1,0.5448283598060093,0.20682469795268443
7.1587302151916,1,0.9385344329335886,0.2282455124781988
3.64319473098611,1,0.8180556927874774,0.6363773911870138
44.31779872452878,1,0.35818757274019697,0.6415830246292383
61.7128577684646,1,0.4649192505462585,0.3718863833906445
86.8885233391803,1,0.9573330686953884,0.27619227255126044
11.080439503263928,0,0.8952043947939167,0.7546519313195151
19.66728262882963,1,0.19118553763431145,0.03172656694982934
52.980061090747114,1,0.2743038328233488,0.7387377107480936
36.41083622419751,1,0.36442051936197206,0.2102739943708578
48.25374512454946,0,0.8798490361439039,0.9027770569478313
92.41246489842155,1,0.9274173118952642,0.41369324572253197
54.48916538646872,1,0.8023402408025992,0.6422969033424438
41.512061061207596,1,0.2757084460602621,0.12096930976784204
98.94399066997448,1,0.8870648066352316,0.253884408450452
6.521566989953631,0,0.032881125940698475,0.7006085943555602
93.2113448371172,0,0.4228034808905181,0.5503554503322068
50.1661842065483,1,0.3776286323317376,0.7704773809645575
50.37563377671381,0,0.5352396059045738,0.5634023397607519
92.19643342032093,1,0.5606405572348289,0.5693311807322428
50.73239795930695,0,0.22540448684345893,0.8582589817294354
43.84070905301488,1,0.2045557027857562,0.4246899173058407
27.2488592117199,1,0.8035665917921552,0.895044719657504
65.88167668174208,0,0.07619679783984357,0.37221524804499895
56.964509097976155,1,0.49328604386204544,0.32859420677004747
21.434543694778306,1,0.19164640659767895,0.7794212767397787
70.94129150613247,0,0.3195672251209777,0.011546399496328519
64.40868573366404,1,0.27729441917200814,0.1721921198388039
39.73338842065408,1,0.7085222259472039,0.07176573978778289
0.440092190355057,1,0.4560206032945494,0.5121050930091584
44.65811501761877,1,0.2994418344461037,0.6280710013285961
0.6058117130251728,1,0.8313519979802051,0.010375945862507119
7.499848929903985,0,0.08579514129080201,0.16146354854033784
43.06099024808341,0,0.7663606454736402,0.30254135859570563
8.19198841853277,1,0.24831275790029783,0.29422633522860153
27.566543378716624,1,0.9180192226267826,0.09713271689452296
65.54913685589683,1,0.005559085369548855,0.17284745605053642
30.8615342609419,0,0.5566633373593394,0.8470517609723712
99.76485941215104,1,0.6222649840275938,0.7005811416140039
91.63020339149811,1,0.5773003326469004,0.29609438266334664
58.53099045855237,0,0.8150152921990125,0.26340746431608497
96.69471386349304,1,0.11216400808381122,0.08019920215335186
86.80172944325221,1,0.4155560042925842,0.3489059373979838
31.889851884048703,0,0.8637367730199736,0.3980695146276614
74.95962459853094,1,0.888735288528991,0.9041816563874451
13.683178400394736,0,0.4983444032387655,0.7431157140152099
68.4551424378741,1,0.5579668938700798,0.4791537743490074
49.108182649458044,0,0.7639084404899006,0.13485726879007998
1.6825939252824718,0,0.7796103942986415,0.6561616490083292
27.422982239037076,0,0.8880812995058609,0.9360123127710482
95.53822174042486,0,0.843857399183043,0.07804485200735378
31.58314850884807,0,0.41442331286429435,0.8486077678614282
18.145445530144066,1,0.6497533264716566,0.18011455521915753
18.753144657220833,0,0.48323525786173405,0.7012809343140619
47.921326464194905,0,0.11796146642013172,0.18385603724341693
84.2649240670535,0,0.8216809200050627,0.6000135548873039
75.80017651333465,1,0.6017635297005067,0.23762458422922306
43.68520075377743,0,0.058005203805912564,0.5416980621532729
20.872688343696055,1,0.6768682790089725,0.6001578691456771
4.606490010219111,1,0.2831010358971018,0.6185203251071434
46.2630319482731,1,0.06926520871668074,0.6827988778067459
81.47753485181917,0,0.6065889146836446,0.06902957538494248
72.96819935943137,1,0.7322086541292435,0.7033874038379369
40.86007676272503,1,0.517284294321492,0.15459772423541351
59.47026719176003,0,0.005648273570092455,0.6770324531369266
43.624652094621766,1,0.5768827369426034,0.12403761423740856
57.90161097901778,1,0.006609075317959956,0.47941471055175533
51.75052443935492,1,0.9264083012971179,0.38676842598180583
68.0966600125159,1,0.26730515772505203,0.9673463566432673
50.7708843533124,1,0.8710066034970242,0.6308091657444566
94.06109981675586,0,0.01210928861687055,0.08820591325131477
42.80281815816862,1,0.09721651049217028,0.7008864614379614
1.5916303039710922,0,0.451408304602657,0.19413839927898324
23.637353540898452,0,0.7586073790526691,0.2861503627133566
50.060685810665596,0,0.9425617005006367,0.37844304044464183
54.0571851888662,1,0.5210948151684298,0.7762254403083992
55.23847893120535,1,0.35546071366659615,0.9440809387863902
71.45520982700822,1,0.04455453991718106,0.9243351768479837
27.46481426175279,1,0.5837094717387117,0.1706836317940128
66.49036790414772,1,0.3800437644985337,0.060413477394579806
70.40322731192128,1,0.9091334846750408,0.8285330192795117
41.12807526208263,1,0.4800592228400007,0.28821826283150687
40.216909914632204,0,0.7654469831297759,0.5828261038229209
17.892478565644975,1,0.8482105282148957,0.9786274652363107
41.39873762553737,1,0.09827761167775428,0.18642200537207032
78.68162917070124,1,0.4408463077562448,0.374855891856855
90.89730055498839,1,0.893717431012312,0.867598946146116
59.36131913179654,1,0.42445529831969153,0.6499805470780414
29.93703433542988,0,0.5651542769673854,0.9375530067528924
68.22897186597314,1,0.8731039472988477,0.6317193149588336
74.01462086960039,1,0.2325935866897927,0.3035699680408174
33.22127787806623,1,0.8945816628234634,0.8051086055224882
82.65478614895467,0,0.39702842118961534,0.7592637549210778
7.369583213834008,0,0.5930333286590651,0.9336189410788636
1.0753717600025525,1,0.3280394820658532,0.47616693221303263
12.297077263205258,1,0.52711905375959,0.5028392871343097
15.600834782750972,1,0.04928580302250252,0.3238231003616754
87.89290329477213,1,0.06525997523876337,0.2687583345065333
42.49817022212808,0,0.4147227619375855,0.9965278191412995
27.49316919703817,0,0.3349519234335785,0.9772555162438943
42.907511598681936,1,0.6157918102751082,0.529646463001178
39.48408927006323,0,0.03791016704380623,0.9550855823638366
30.146166798801698,1,0.16766866973689132,0.35615544760644247
13.789958241196532,1,0.20959189412579216,0.8499943240746863
65.59154619738806,1,0.44049176852980043,0.6348681578453353
13.660440277965535,1,0.24683476237895274,0.7170661141396643
77.54244526726744,0,0.13766268580773067,0.7182029324042428
20.16880132804536,0,0.5975736737824379,0.6358286500062633
73.13713071333116,1,0.7438719778032219,0.8523280113201126
80.5586105695467,1,0.6852680667972217,0.3920132506572428
12.532600977445075,0,0.2761800952275212,0.8491889509630896
8.674576828800406,0,0.854444836366964,0.18341516392054857
94.95727706536599,0,0.6118221794274022,0.19995942020005686
46.30468067525807,1,0.6146667010074238,0.7173432203920032
63.02354949729884,1,0.21284845171645728,0.7501298903275874
2.3260440121767756,1,0.24221288733615354,0.9023010748675673
27.87101805563399,1,0.47475021743810475,0.2746829048047279
50.53976545593862,0,0.2378210310405845,0.056069452386442564
88.6218313389404,1,0.6880777364853765,0.5074717254068946
27.143941756437627,0,0.30855451225575825,0.8753404653767924
77.51913198587197,1,0.15191615396134917,0.9714658536468534
66.22129282587018,0,0.15161385377347247,0.8578262952047314
11.527076780574497,1,0.12722777871116064,0.4899564496726052
29.337517279199655,0,0.4397500789663744,0.863382236071031
23.786403643861973,1,0.00304003634762251,0.21397092386903593
44.25275875732855,0,0.5423722883025308,0.9211696512348585
63.53342430475843,1,0.2983029229195504,0.5668459610180473
43.34197555085066,0,0.5524788309602147,0.3893635858021022
24.4536575751806,1,0.9354254134415833,0.5816411821643217
69.58787682282754,1,0.8690476101834836,0.784008209867195
58.447109471148984,0,0.5764298399384555,0.24012151276476634
51.931390741569196,0,0.4180703126387251,0.10187980276873587
55.44195974459784,1,0.6983626710825065,0.7331201036621814
22.190064629382356,1,0.9231393326245212,0.952468966332923
68.04310610924563,1,0.4895470679395497,0.6369780919742396
38.75005355387683,0,0.09930772408531863,0.14258345409022466
36.34678197300196,1,0.7660882004239901,0.6433853694570567
14.973420826677053,0,0.010479153894384141,0.11663209618088344
59.68373345504464,0,0.7646384796406737,0.3035247530199119
60.266441054650656,1,0.08491660388656996,0.03159770119896643
34.03006436665284,1,0.10661657436628691,0.4875016240879001
85.98500568655341,0,0.7817068700115261,0.3213541855079012
84.54578987154284,1,0.6895217048954053,0.097521889845397
10.905430648243131,1,0.5619031293366379,0.30902730228265174
69.50383878099183,1,0.8205851927101936,0.6475701194161629
39.38347561850223,0,0.8513685107437633,0.28908155550047077
99.97148510628928,1,0.4575122556562867,0.14307211739293002
22.50236296846524,1,0.9962986870545374,0.5447974650257786
28.052420541448942,1,0.3575799396391073,0.7532272705864831
44.21062945557275,0,0.17150776662079825,0.830141356206458
26.871514868066313,1,0.8459764431198916,0.47209711311314384
69.19933663865142,1,0.41557027955933024,0.7110724209237201
48.090811218148055,1,0.8744996512286143,0.8333277484441021
22.08788348495402,1,0.061166344490404034,0.6728892305717257
50.63740694865626,1,0.11105211150664163,0.5272714050833063
88.87877663650384,1,0.04027266122396245,0.059939367140902866
79.23956468500528,1,0.6020109603024101,0.2900343745958267
49.882892442682106,0,0.8318641811164996,0.31981515744572664
28.84926031419477,0,0.40266078360867175,0.3950112509340792
17.988646470252778,1,0.09069544967102372,0.9508927033043129
87.83828771868954,1,0.37346882743095344,0.20887534235284289
71.01669404986963,1,0.3480461323397299,0.5415549110072938
57.216330314745846,1,0.6434719247641147,0.9912181066942203
87.94346459536683,1,0.6521516287963338,0.6187945607806581
12.169028737408949,1,0.10302371725135306,0.20891072367818164
68.24892860020682,1,0.4201767775255274,0.9601909317781077
21.6712312413232,1,0.6425145268187654,0.33629266905381683
12.0577441015987,0,0.25886120919003475,0.047870709598631045
46.56085100069332,1,0.4070802865284776,0.43136176745968036
38.739292976435365,1,0.6136949316450189,0.24065569617504812
94.11736093251855,0,0.4028707012449019,0.8188637730953452
32.39795467518164,1,0.030860971565567885,0.2199558342472554
81.49022590520025,1,0.22261599542950583,0.8198540222378127
74.88270004683447,1,0.7760809144655237,0.0361710165348097
66.79238700585363,1,0.24850407875003067,0.9291573179187896
92.04004729600595,0,0.8177114460646141,0.042193526785013535
40.79245943813421,1,0.4669078257018239,0.9385398439869916
38.96711859828657,0,0.472921137197278,0.07369127583149615
16.09474235815094,1,0.7705162153313778,0.872583602558423
27.576207549506915,1,0.3832935130158951,0.831332037649718
87.97764560608708,0,0.23848059215237094,0.5944238376074102
47.4382132911368,0,0.10503237671743315,0.035986084065680934
34.135332219071046,1,0.6719098761687681,0.6211428067696148
21.61120550821711,1,0.46994253979288336,0.61784642082686
48.4960250243615,0,0.8094068807001268,0.5571974749771695
71.66653704645289,1,0.45767470857430637,0.6315255714467207
28.669202545707538,1,0.4148106751148408,0.9681074032452934
75.77165208126542,0,0.2988520840747373,0.9955072476569667
62.97877747249184,1,0.1994278729403578,0.5204958066458399
78.75625625397042,1,0.8304369446484646,0.09180062428923552
25.09096288749123,0,0.09521137094676635,0.13396904364517792
63.102814473304534,1,0.9021277233516458,0.7203508793400153
15.373527948884192,0,0.026909151237350493,0.9819635872230656
36.37969821646367,0,0.5222523352322085,0.4360552237319477
72.43600948428013,0,0.058328562151084284,0.09803874591164885
63.166838557993586,1,0.7796071213096329,0.3530445525049485
18.786072533752197,1,0.21149652405911334,0.3850102771205224
85.83426720925291,1,0.5659225762365355,0.9965953338852648
5.335098234518187,0,0.9164461025909444,0.6865833532943872
59.52156885166495,1,0.6492589356124262,0.11786608607074645
98.38205002316063,1,0.17831996497391545,0.3370767169424158
53.15047318427486,1,0.7966777687549007,0.04855871249892585
80.06718199594206,0,0.4414796068083493,0.6530605081114493
59.518097318910215,1,0.013176738342756678,0.6727392688770667
78.30883149229926,0,0.48676497010783504,0.057496745073913336
65.55941353552872,1,0.8124846772633403,0.3355199412987626
69.11320145375286,1,0.42995763083361305,0.9028383669370125
22.781115108638406,0,0.7584280504799924,0.8268160300748043
74.18209135729177,1,0.7055258845344052,0.5742125698112162
23.790988666433076,1,0.45691231733828475,0.48462336047460364
98.06402751425881,1,0.3232825850254474,0.9928519120669927
22.77871909612047,1,0.7265400015621563,0.7221955595191272
23.668400359765627,1,0.3689184177383654,0.9526352111958123
85.86731204838641,1,0.17008710672865168,0.07158521435318332
24.298586196281914,0,0.3208630615279794,0.21215115635855175
36.090279349128295,1,0.8768391929280482,0.031111035744880056
71.4640161179027,1,0.2833891121373856,0.8679176146891754
15.874858019476324,1,0.2349605348447361,0.6942314411653305
15.907175482750224,1,0.13342007073056217,0.17765165284213735
48.635842326661894,0,0.05517784456772401,0.9741906074421273
24.369675423272685,1,0.9766923541996315,0.9557972226147039
23.565795556903357,0,0.5367768272606105,0.22459780492470693
0.923892141851268,0,0.7296444606206975,0.6470097530427105
37.0449591197948,1,0.7729734468687052,0.6681029167355858
31.825055461840325,1,0.3523169947204725,0.004016755021448937
3.1155810826670405,0,0.798905910161221,0.6887797922684995
62.123317821366356,1,0.9614842444200488,0.22134019477205413
62.6655182003354,1,0.7417618502405342,0.9013187506018392
7.0800471773658895,0,0.711733126662779,0.8385071325595158
31.704156290945306,1,0.43223378658202005,0.905293584670957
87.28055319953978,1,0.8413201258087948,0.7575539623443468
58.216706824457845,1,0.08883737512334966,0.16490543854758422
41.19747240119879,0,0.7496837122419485,0.3605543129885158
46.510192846409595,1,0.36199354214285717,0.7089314735864196
20.827999443580513,1,0.5659739157977913,0.32332504325821243
81.1881500707928,0,0.8929637698970272,0.7100329336167415
91.40047054509675,0,0.6050195599544752,0.33615872497260446
91.06640422500436,0,0.02558153036246613,0.17772945435120846
22.393439169229968,0,0.7226048455230962,0.5181638183895362
31.07402677764569,1,0.9290245062036393,0.6862277595035827
16.06227748095368,1,0.6420119453105593,0.5171956872827587
30.720113363231317,1,0.8614200774595737,0.6418672982992898
33.28053721226003,1,0.8252957553419343,0.4380510181043308
63.31057370646354,1,0.8612922829839624,0.7783313289833448
18.964638154812462,1,0.3441004026922748,0.6499664226447076
91.93969243677435,1,0.47416352710868115,0.5746066340853169
10.309947008530996,1,0.8480335050297315,0.43537171547556064
0.6878011034333054,0,0.9103985749314552,0.5357275561379555
85.49451286305332,1,0.14684149925974643,0.051009721691461785
70.37698077660497,1,0.18153237959148394,0.666719676683535
35.535987035599845,0,0.34682960005493435,0.20441172926542117
59.5499705910118,1,0.770297828179358,0.8601489603918417
22.354410083923337,1,0.8749811572578948,0.8123437681899722
16.838964864537598,1,0.5802401414033453,0.5279546662066528
47.11491351387228,0,0.11326817539323097,0.8471310683124159
35.31878297209609,1,0.303748229967166,0.6708032438159407
61.52300505352921,1,0.8570230064776316,0.14126004489131327
